最近、自分自身が本当にやりたいことを見つけることが大切だと思います。,私の経験から言うと、今はとても輝いて輝くのが大好きであり、一番輝いている時です。私はそんな自分を大切にするように心がけていました!! 私は自分の人生は自分で決めてきたと思うので、後悔はしていません!! 私と同じですが、この4年の間に色々な経,43,2023-03-19 01:16:02,2023-03-19 01:16:02
この間、友達とおしゃべりしていたら時間があっという間に過ぎました。,友人は私より数年早かったので、もう年を取っているなぁと改めて感じた年でした。 今回は、私も参加している「いのちの会」の集いがあったので、参加してきました。 「いのちの会」とは、聖書の話や、いのちのことばを通して今の私たちに必要なこと、感謝の,43,2023-03-19 01:16:28,2023-03-19 01:16:28
人間はなぜ笑うのか？その理由を解明するための研究が進んでいる,_ 海外の反応:こんな研究があるよ しかし、こんなことはこれまでも知られていたが、今回の研究で、人間はなぜ笑うのか?その理由が解明される日が来るかもしれない。 人間には、感情がある。もちろん、人間は感情を持った動物だ。感情があるからこそ、人,2,2023-03-19 01:16:43,2023-03-19 01:16:43
ロボット技術が進化すると、人間の仕事がなくなってしまうかもしれない,,28,2023-03-19 01:16:58,2023-03-19 01:16:58
この間、好きな本を読んで時間を忘れてしまいました。, いつも、仕事で会っている仲間、初めてお会いした方、久々にお会いする方 でも本当は私の大好きな作家さんの作品だから、ぜひ読んでみてほしい。 今日は、「もうすぐ春ですね」って言われるようになった今日この頃です。 最近、お会いした方々には、「最,47,2023-03-19 01:17:06,2023-03-19 01:17:06
この間、好きな場所に行ってリフレッシュしました。,先々月、お風呂上がりに髪を乾かしているときに、髪が濡れていたのに気がつき、「なんで髪を乾かしているときに?」と不思議に思いました。 よく見ると、床が濡れていたので、ドライヤーをかけずにそのまま床にそのまま座っている状態だったのです。 お湯は,80,2023-03-19 01:17:21,2023-03-19 01:17:21
最近、自分自身の成長を感じられるようになってきました。,1回目の「基礎力」と2回目の「発想・発想」のトレーニングを 今回のトレーニングで学んだことを、次の「成長のためのステップ」に繋げて 今回、このような機会を頂き、本当にありがとうございました。 これからもトレーニングの質を高め、「新たな」人生,26,2023-03-19 01:17:38,2023-03-19 01:17:38
最近、料理に挑戦することが多くなりました。,今までは、料理に凝ったりということはあまり無く、単純に料理を作ることが好きでした。 そこで私は、料理をするには、食材の選び方や切り方など、基本的なところが大切だと思います。 今回は、私が今までに料理に凝ったことがなかったので、レシピ本を必死,60,2023-03-19 01:17:53,2023-03-19 01:17:53
最近、運動を始めてから体調が良くなりました。,私自身も、何かスポーツを始めたいと考えるようになりました。 運動は好きなので、運動のきっかけを作ってあげられるのではないだろうか。 私は、元々料理が好きなので、自分で何か料理を作ることができるのであれば、やってみたいと思っていました。 何が,22,2023-03-19 01:18:09,2023-03-19 01:18:09
昨日は思いがけない出来事がありました。,娘が急な発熱をし、3時間ほどで37度まで上がったのです。 その熱が3時間ほどで下がり、普通通りのお昼寝をし、その後も熱が... さて、今回のお題は、3年と5ヶ月の息子が2週間前に突然元気がなくなり、昨日から発熱を繰り返しております。 昨日は,23,2023-03-19 01:18:25,2023-03-19 01:18:25
この間、面白いテレビ番組を見ました。,"で、その番組って、今現在テレビで放送しているcmの事を言ってるんでしょうか? 「私にとって""テレビcmはcmなのです!」って、言うのですよね? cmはテレビでも、webからでも見ることができ、気に入ったcmがあったらダウンロードすることもで",5,2023-03-19 01:18:41,2023-03-19 01:18:41
昨日は良い天気だったね,。 ちょっとのんびり過ごしてしまったけど 。 今日の休みはどうだったかな 。 今日は何しようかなぁー 。 10月から新システムになりましたので これからよろしくお願いします。 昨日までは 。 今日の仕事は ちょっとだけなのに 。 今日は 。,8,2023-03-19 01:18:57,2023-03-19 01:18:57
人間はなぜ笑うのか？その理由を解明するための研究が進んでいる,_ ダ・ヴィンチニュース 人間はなぜ笑うのか?その理由を解明するための研究が進んでいるのだ。 人間は自分の表情が怖い、恥ずかしいなどの感覚があると、「笑う」という行為になかなか集中できないというメカニズムが明らかになっている。 その理由は、,53,2023-03-19 01:19:13,2023-03-19 01:19:13
最近、自分自身の成長を感じられるようになってきました。,自分から積極的に行動できるようになったのには変化を感じますよね。 だからこそ、自分からもっと積極的になるべきだと思っていたのですが、それが逆に成長に影を落とす結果を招いてしまったんです。 自分から積極的に行動できない人には、当然と言えば当然,53,2023-03-19 01:19:29,2023-03-19 01:19:29
最近、勉強に時間を取り組むようになりました。,でも最近になって勉強をするようになって、自分を変えたいなぁと感じていました。 そこで、英語を始めてみようかと思っているのですが、いきなり英語を始めてもなかなかできないので、まずは基礎的なことから身に付けたいと思っています。 そこで英語の勉強,30,2023-03-19 01:19:46,2023-03-19 01:19:46
今日は好きな料理を作ってリラックスしました。,私は、自分の好きなことをして、お金を稼いで、もっと魅力的な人間になることが出来るように、頑張っていきたいと思います。 さて、今日も私の好きなことを皆さんにお伝えします。 皆さんはあなたの好きなもの、何がありますか? 私はケーキを食べるのが好,54,2023-03-19 01:20:02,2023-03-19 01:20:02
最近、自分自身について考えることが多い。,昨日、自分(自分のこと)を客観的に見つめ直す作業をした。 自分の行動を客観的に判断し、自分が今までどんなことを感じて、行動してきたのかを考える。 今まで私は、自分の中、特に「過去の記憶」「過去の自分」に関して、過酷で厳しい環境であった。 (,57,2023-03-19 01:20:17,2023-03-19 01:20:17
今日はお祭りに行ってきました。,実は、お母さんの日も今日なのですが、お母さんがいなかったら行く気がしません。(笑) わたしのお母さんも、娘さんが4歳の時に、離婚しています。(まだ離婚してません、笑) 今日は、「離婚してるって本当?」というテーマで、考えてみました。 ※ちな,78,2023-03-19 01:20:33,2023-03-19 01:20:33
人工知能を勉強することは、今後のキャリアに有利だと思う,,3,2023-03-19 01:20:50,2023-03-19 01:20:50
昨日は良い天気だったね,今日は雨が... さてさて今日はそんな日にピッタリのパンです 本日は「メロンパン」のお話です 先日テレビで食べたメロンパンが美味しくて、そのまま家に持ち帰ってしまったのが始まりです というのも、パン屋の主人がメロンパンをお店に出してみたら ,30,2023-03-19 01:21:07,2023-03-19 01:21:07
最近、自分自身を肯定することが大切だと思います。,自分の中に否定的な感情を持つと、ネガティブな思考が起きてきます。 でも、マイナスなことばかりにとらわれすぎてもいけません。時には、ポジティブでいる必要があるのです。 自分を肯定するなんて、なかなかできないことですよね。「それって何?」という,8,2023-03-19 01:21:25,2023-03-19 01:21:25
この間、海に行ってきました。,今まで見たことがなかったので、初めて見る海の景色にドキドキワクワク。 海の風を浴びるだけで、なんだかとっても幸せな気持ちになります。 私は子供の頃から海水浴が大好きで、よく水着を着て海へ遊びに行きました。 今回は子供も私も泳ぎ慣れた海でした,31,2023-03-19 01:21:43,2023-03-19 01:21:43
最近、自分自身が本当にやりたいことを見つけることが大切だと思います。,でも、自分が本当にしたいことってなんだろう。なんで自分のことなんて見つからなくなっちゃうんだろう。なんて悩むことが多々あるのも現実です。だから、私から言うことではないですが、本心からやりたいことを見つけるようにしてくださいね。 夢を見ること,1,2023-03-19 01:22:00,2023-03-19 01:22:00
最近、新しい趣味を始めました。,手作りの本を作るのですが、出来がいまひとつで、挫折しています。 この本を作るのに使いたいのですが何かあったときに使えないかなと思って、 今日は本を見ながら材料をそろえようかと思っているのですが、 ネットにはいろいろ情報があって、手縫いで作る,25,2023-03-19 01:22:15,2023-03-19 01:22:15
この間、好きな場所に行って、自分自身の気持ちを整えました。,1年が過ぎたころには前向きに生きていけるようになっていたので、気持ちを整理したいと思って参加しました。 初めてお会いして「カウンセリングってこんなに難しいのか」とびっくりしましたね。 人生は変えるチャンスがいっぱいあると思いますが、一度きり,13,2023-03-19 01:22:30,2023-03-19 01:22:30
昨日はお友達とおしゃべりして楽しい時間を過ごしました。, 今日は久しぶりの大濠公園でお花見ランチして来ました(^o^)/ 先日お友達に誘われて行って来ました。久しぶりに人が多くて賑わっていた♪ でも桜が咲いてたりしていて見れたりするのは春だからなんだなあと感じました(* ́成人式は着てないけど(,98,2023-03-19 01:22:46,2023-03-19 01:22:46
昨日は家族と一緒にゲームをしました。,私はゲームが大好きです。 ゲーム大好きな子どもたちのために、私ができることを全てやってます。 私にとって、あなたがいつも楽しんでいるように見えて、いつも私を元気づけてくれます。 私はあなたのおかげで、私を、そして今よりももっと成長させること,67,2023-03-19 01:23:00,2023-03-19 01:23:00
最近、誰かを助けることが自分自身の成長につながると感じます。,でもそれって、自分のことを無邪気に喜んでいるのではなくて、本当に周りから「助けて」って言っているのですよね。。。 私も、自分にとっての幸せを探す、それを探すことをがんばっています。 自分の心の中に、そんな風に、思ってもみなかった素敵な世界を,75,2023-03-19 01:23:16,2023-03-19 01:23:16
今日は仕事が忙しくて疲れました。,来週あたりまた余裕があれば再開しますが、もうちょっと早起きはしないといけなさそうですね。 来週も仕事が忙しいそうで、土曜日は休ませていただきました。 日曜日は仕事がなかったので、ちょっとだけゆっくりしてきました。 でもお昼ご飯もとらないとい,43,2023-03-19 01:23:31,2023-03-19 01:23:31
最近、忙しくてなかなか休めない。,寝る時に、なんだか体調がすぐれない。 などなど。 疲れがたまってしまうと、イライラしたり、悲しい気持ちになったりと、さまざまな心身の不調が起こり得るものです。 しかし、こういった不調は、身体の変化が原因であることもあります。 また、原因に関,75,2023-03-19 01:23:46,2023-03-19 01:23:46
この間、好きな音楽を聴きながら料理をしていました。,食事をする際、口の中に入っている食べ物が舌の奥の方に入ったとき、 舌の奥に食べ物が入ると、舌に食べ物が詰まる感じになります。 口の中に入っていない食べ物は、舌が舌の後ろにこもったままの状態で動かないので、 舌がスムーズに動かなくなり、食べ物,73,2023-03-19 01:24:02,2023-03-19 01:24:02
今日は思わず笑ってしまう出来事がありました。,私が「そうだよ。今日はいつもよりちょっとお喋りしたし。」と言うと、彼女は「そうだよ」と私に向けて微笑み、そのあと彼女は「そうだよ。」と言って私から離れていきました。 私は、彼女のことをまるで子供のように思っていたのですが、本当に本当に子供の,32,2023-03-19 01:24:17,2023-03-19 01:24:17
最近、自分自身を認めることが大切だと感じます。,今まで、私は自分に自信がなくて、自分に自信がなかったんです。 人付き合いをしたことがなかった私ですから、人とうまく話せなかったんです。 でも、今は人と話していても、誰とでも楽しく話してしまうので、私のことを友達としか思っていないみたい・・・,62,2023-03-19 01:24:33,2023-03-19 01:24:33
最近、自分自身の強みを見つけることが大切だと思います。,自分がどのくらいの資質か知りたい方は是非、私にお問合せください。 昨日は大阪の日本商工会議所で中小企業支援に関するセミナーを行い、私自身も勉強させていただく機会をいただきました。 私は昨日でこのセミナーが初めてだったのですが、参加者の多くの,5,2023-03-19 01:24:48,2023-03-19 01:24:48
昨日は好きな人と一緒に過ごして、幸せな気持ちになりました。,昨日は朝から気分が良かったし、今朝も久しぶりに気分がいい一日になりました。 昨日は朝から気分がいいし、昨日は朝から気分がよかったから、今月いっぱい付き合っていこうと思っています。 毎日、いいに覆われていて、いい気持ちで満たされています。お昼,73,2023-03-19 01:25:03,2023-03-19 01:25:03
人間の脳はまだ解明されていない部分が多い,だから脳からの情報と目の動きがどのように関連しているのか分からない だから人の脳は解明されていないから 脳からの情報は目の網膜に送られることは分かっている 人間は脳に届いた情報と見ているモノが合わさって初めてモノが認識される だから目の神経,31,2023-03-19 01:25:18,2023-03-19 01:25:18
この間、好きな音楽を聴きながら料理をしていました。,気がつけば、夕食後は夜空を見上げて、満天の星空に浮かんでいる自分。 自分の内なる声から逃げ出すようにして、何も考えずにただ空を見上げて過ごしていた時期がありました。 今、こうしてブログを書くことで、自分の在り方が少しずつ変わってきています。,81,2023-03-19 01:25:34,2023-03-19 01:25:34
最近、友達と過ごす時間が楽しみです。,まだ若いので、ファッションも楽しむのが好きです。 将来はインテリアデザイナーを目指しています。 よろしくお願いします! 趣味でお菓子の製作をしています。お客様のために、心を込めたお菓子作りをしていきたいです。 笑顔と、温かい雰囲気が好きなの,34,2023-03-19 01:25:49,2023-03-19 01:25:49
この間、自分自身が持っている価値を改めて実感しました。,今回のセミナーを受講して、自分の価値が再認識でき、今までに無い感覚でした。 今後は、自分が本当にやりたかったことを少しずつでも実行できるように頑張ります。 セミナーは、自分の潜在意識から、自分自身が求めていた答えを引き出すチャンスの場だと、,18,2023-03-19 01:26:05,2023-03-19 01:26:05
芸術作品の鑑賞は人間の感性を高める,あなたの才能は本当にすばらしい。 あなたは私の芸術的興味にあふれる人生を楽しんでいる。 芸術には優れた登り棒がある。 あなたは私に、私が理解できない多くのものを引き出してくるだろう。 芸術は私が感じた経験と同じように素敵で素晴らしい。 芸術,87,2023-03-19 01:26:21,2023-03-19 01:26:21
この間、大好きなアーティストのライブに行きました。,私自身は、ライブに行きたくないって思うことがほとんどないです。 ですが、大好きなアーティストが、目の前で歌っているので、きっと見ちゃいます。 私も昔の彼女も、自分がライブで歌うと決まっていて、毎日家での練習やレッスンには張り切って行ってて、,30,2023-03-19 01:26:37,2023-03-19 01:26:37
昨日は好きな映画を見て、感動しました。,今までの人生でこんな素晴らしい映画は見たことないってくらい 感動して、笑ってしまいました。 今日はもう一回観たい映画です(^ ^) 先日のテレビ「新・bs日本のうた」に横山裕さんが出演されていましたが、 僕の好きな歌を、横山裕さんのアレンジ,33,2023-03-19 01:26:52,2023-03-19 01:26:52
昨日は自分自身に与えられたチャンスを活かすために頑張りました。,でも、今日はお陰様で、前回お伝えした「人生に迷ったなら、挑戦せよ!」の精神でやってみた。 ちょっと前のことですけど、今日は、とある方達と「夢の実現方法」についての話をしてきました。 そんなことは無いですよね。だから、本当は「今の自分にできな,48,2023-03-19 01:27:08,2023-03-19 01:27:08
最近、自分自身を褒めることが大切だと思います。,私は自分の性格はポジティブで真面目だと思います。 ですが、それが周りと合わせないといけない時、 少しでも気を抜くとすぐに怒ってしまいます。 どうしたら周りに合わせて自分の心も落ち着かせることができるでしょうか。 よろしくお願いいたします。 ,28,2023-03-19 01:27:22,2023-03-19 01:27:22
この間、友達と美味しいものを食べた。,そうしよう、何か、俺に何か伝えたいというものがあるように思えた。 俺が、友人に会うことを楽しみにしてないのは、はっきり、わかる。 「俺ってば、もう、そんなことで怒るなんて、とっくに辞めてるんだから」 「ふ〜ん、そうなんだ。なんだろう、この子,67,2023-03-19 01:27:38,2023-03-19 01:27:38
最近、新しい出会いがあって嬉しいです。,仕事も仕事も大変でつらい事もありますが、それを乗り越えた先にしか得られない楽しい事のほうが多いです。そんな方と出会い、笑顔でいられるをモチーフとした時計を探しました。 とても素敵なデザインでした。 主人は時計が大好きで、欲しいというのでプレ,15,2023-03-19 01:27:53,2023-03-19 01:27:53
この間、面白い本を読みました。,実は、この本の内容、まだまだ知らない人がいるんですよね。 だから、この本の内容を知らなければ、読むのは控えたほうがいいですね。 今日は、昨日、私がよく行く、ラーメン屋さんを紹介したいと思うんですが、 今日は、そんな私のおすすめのラーメン屋さ,42,2023-03-19 01:28:09,2023-03-19 01:28:09
今日はお散歩して気持ちをリフレッシュしました。,明日から雨が降るようなので 皆様もお散歩の際はお気をつけください 来週は、お店のメニューが一新して 皆様のご来店を心よりお待ちしております 私は、 先日、今年も 皆様のお越しを 心よりお待ちしております!! 本日 金曜日は、お天気が良く、朝,85,2023-03-19 01:28:25,2023-03-19 01:28:25
最近、自分自身が持っている弱みを克服することができました。,"強みを伸ばすことができ、それを磨いていけば、それが資産となりやがてはビジネスとなるという、いわば""強み経営""ですね。 この強み経営という方法は、決してサラリーマンには向かない考え方なのですが、サラリーマンで、これからどうしたらいいのか悩んで",58,2023-03-19 01:28:40,2023-03-19 01:28:40
今日はとても寒かったです。, 朝起きてからはとても寒くて布団が暖かい!!<unk> と嬉しいのですが、風邪をひかないようにお気をつけください。 そこで、前回取り上げた 「 リラックス 」 でいきましょう!!! 今回はちょっとしたことを交えながら、リラックスの方法を考え,100,2023-03-19 01:28:55,2023-03-19 01:28:55
最近、自分自身の弱みを認めることが自分自身を成長させるきっかけになると感じます。,弱さというのは、人によって違うものですが、私は自分が人に言えないような悩みや問題を抱えているという場合がほとんどではないかと思います。 ある時、自分自身が自分を見失いかけている場面を見ました。私はその状況を自分の悩みだと思い、その人に相談し,57,2023-03-19 01:29:11,2023-03-19 01:29:11
この間、動物園に行ってきました。,といっても、今回は2日間のみでしたが。。。 さて、この日は、私がお世話になっている(勝手に?)動物園の団体展を見ました。 というわけで、動物園に行ってきました。ということで、先週と今月の動物園ネタです。 平日なのですが、動物園にも人が多かっ,66,2023-03-19 01:29:25,2023-03-19 01:29:25
最近、自分自身が持っている弱みを克服することができました。,人によって色々と違うでしょうが、僕は、性格の弱い方は、とにかく早く行動を起こさないといけないと思いましたし、行動を起こしたおかげで、今では周りの人と打ち解けることができて、とても楽しく仕事をさせていただいております。 まだ、仕事を始められた,97,2023-03-19 01:29:42,2023-03-19 01:29:42
この間、海に行ってきました。,でも、どこにあるんだろう? いつもなら、海から上がってきているはずなのに、まだ帰ってきていない。 私は、その日に、別の友達も誘って、3人で海を目指していくのだった。 まだ海の向こうに、人がいて・・・。どこにいるんだろう? いつもなら、大騒ぎ,76,2023-03-19 01:29:57,2023-03-19 01:29:57
最近、自分自身を見つめ直すことが大切だと感じています。,自分はなんにも努力しないで、ただ生きていたら、なんて人生はつまらないものなんでしょう 。人生がこんなにつまらないものかと、ショックを受けました。 人生につまづくのは、人生を楽しむ余裕がないからに違いありません。 だから何にもいいことなんてな,95,2023-03-19 01:30:13,2023-03-19 01:30:13
最近、自分自身の弱みを認めることが自分自身を成長させるきっかけになると感じます。,でも、よくよく考えたら、自分の弱みに気づくことが、どんなに楽か、ってわかりませんか??? 僕は気になる方から、時々話しかけられることが多くありますがそれは、相手が話したいことがわかろうとする意思や努力が伝わるからだと思います。 話しかけられ,42,2023-03-19 01:30:28,2023-03-19 01:30:28
最近、自分自身の可能性に気づけるようになってきました。,私が「楽しく、幸せに生きる」と決めたときに、私の人生を切り開き、導いてくれた方々の存在は忘れる事はできません。 今までの私たちは、今のように、自分に必要な事が何かわからないまま、仕事、結婚、子育てなど全てを頑張っていたように思いますが、本当,25,2023-03-19 01:30:43,2023-03-19 01:30:43
最近、自分自身を肯定することが大切だと思います。,_ hikaru fukata - asuka noriko takahashi - yahoo!ブログ こんにちは、hirokaです。 ブログを始めてから3年経ちました。僕は今までブログをやってきて こんなに時間がかかったのは初めてです。,34,2023-03-19 01:30:58,2023-03-19 01:30:58
最近、映画をよく観るようになりました。,以前に比べて、映画を見るようになったのは、もっぱらamazonプライムビデオを見る時間くらいですかね。 ということで、今回はアメリカの人気コミック「アベンジャーズ」の世界をベースに制作された「アベンジャーズ2 シビル・ウォー」を観てきました,94,2023-03-19 01:31:13,2023-03-19 01:31:13
昔は、道具を自分で作ることが当たり前だった,自分で物を作る楽しさを味わうって、とっても大切なことなんだと気になった。 私は毎日たくさんのお客さんと触れ合ったけれども、みんな道具で何かを作っているのが、気になって仕方なかった。 それが、私の器の使い方の原点なのです。 器に込められている,80,2023-03-19 01:31:29,2023-03-19 01:31:29
昨日は久しぶりに好きな料理を作ってみました。,実は、私は無塩バターで作るフランスパンが苦手だったのは、発酵不足のためなんですよ。 昨日は夜中にお婆ちゃんが我が家にやって来るようになりました。 お婆ちゃんは昔から、 家にいるといつも誰かに家事全般を手伝ってもらってました。 それは何かとい,69,2023-03-19 01:31:44,2023-03-19 01:31:44
今日はお気に入りの本を読んで過ごしました。,以前から何度か「読み終えたら処分する」と宣言していましたが、なかなかできませんでした。 今日読み終えたのは「愛とは?』。 愛とは・・・ 今年、私はこの本のおかげで、いろんな人から学ばせて頂き、感謝の日々昭和初期、昭和33年の大阪では、こうし,13,2023-03-19 01:31:59,2023-03-19 01:31:59
音楽は人間にとって欠かせないものだと思う,人間は外界の音を聴く能力が高い。それを、耳や聴覚に頼ることでより正確に表現する能力を持っていると考えるからです。そのことに関しては、耳や聴覚の知識がない人たちは理解できないでしょう。そして、現代は音の世界が急速に広がった社会です。ですから、,86,2023-03-19 01:32:15,2023-03-19 01:32:15
今日はとても寒かったです。,明日は曇りのち晴れ。 今日はお客様も少なく、ゆっくりコーヒーをいただくことができました。 週末はコーヒー豆が高騰すると言っていましたが、今年はどうなるのか!? 昨日お客様から「何年前ですか?」ときかれたので、5年ほど前からと答えましたが、確,84,2023-03-19 01:32:31,2023-03-19 01:32:31
最近、環境問題について考えることが多い,。 自分が環境破壊をしているのではないかと感じていて、もっときれいな海や自然を取り戻したいと思った。 子どもの時、この仕事がしたい、こんな人になりたいと思ったことに、とても役立てたと思う。 自分の住む町や、自分が育った町はもっときれいにして,36,2023-03-19 01:32:46,2023-03-19 01:32:46
最近、自分自身に自信がついてきた気がします。,こんなに嬉しいことはないです。 1年間、本当に感謝しかないです。 私も、こんなにたくさんの友達や家族、お客様に マーケティングは絶対必要だって思います。 本当に人生の宝です!本当にありがとうございました(*^^*) 私は昔から、自分が何をす,59,2023-03-19 01:33:02,2023-03-19 01:33:02
今日はとても寒かったです。,外に出るときに手が冷たくてどうしようかと思いましたが、家にいる間は、外はポカポカ暖かかったです。 今日は、今週のお題「お片づけ」と言うことで、お出かけ前にやろうと思っていたことや、家にいるときにやってみようと思っていたことを書いていきます。,74,2023-03-19 01:33:17,2023-03-19 01:33:17
今日は自分自身にご褒美をあげて、過ごしました。,朝も早かったですが、お昼前に起きて、朝から晩まで本を読んだり、テレビを見ています。 仕事の休憩時間には、寝たきりの夫のためにお弁当を作ることも。ご飯を炊いて、お米を蒸して、温かい味噌や豆腐を入れて、朝ごはんを作ってくれるご飯のおばあちゃんが,42,2023-03-19 01:33:33,2023-03-19 01:33:33
この間、友達と美味しいものを食べた。,朝に「君は天才だ」ってメールをもらった! なんか嬉しい(泣) 今日は私の地元で、この前会った、元彼がいる方と会ってきた! 『あなたは天才ですよ!』って言われたよ! 元彼からメールだったみたいで嬉しすぎて泣いてしまった(泣) 私は元彼と一緒に,13,2023-03-19 01:33:48,2023-03-19 01:33:48
芸術作品の鑑賞は人間の感性を高める,: 美術史家、作家、評論家の視点 : 経済・政治・政策分析から見えてくるもの : 美術史家の視点 : 芸術作品鑑賞の社会学的研究 _ 美術文化学術調査研究委員会 芸術作品鑑賞、あるいは芸術作品を鑑賞する人たちの見方として、「芸術作品鑑賞のた,67,2023-03-19 01:34:04,2023-03-19 01:34:04
人間はなぜ笑うのか？その理由を解明するための研究が進んでいる,1)人間と動物には、笑う共通の祖先がある。なぜなら祖先が笑うようになったのは、進化の過程で、それ自身が感情に振り回されないよう賢い碇のような器官を得たから。 2)「笑う」ことで、自分の感情や過去の記憶に向き合い、自分がどうして笑ったのかがわ,78,2023-03-19 01:34:20,2023-03-19 01:34:20
最近、自分自身の時間を大切にしています。,休日の過ごし方は、大体家に籠ってネットサーフィンをしたり、映画を見たり、読書したり、寝て過ごしています。 休日の過ごし方は、大体家に籠ってネットサーフィンをしたり、映画を見たり、読書したり、寝て過ごしています。 また、休日は、出かける予定は,66,2023-03-19 01:34:35,2023-03-19 01:34:35
この間、散歩をして気持ちをリフレッシュしました。,・・・今週水曜日、午前は少し涼しく過ごしやすくて気分もよかったのですが、午後からはまた暑い日に戻ってきてしまいました。 実は今朝の新聞に、今日9日の参議院選挙に向け、自民党と公明党が選挙戦に乗り出すと書いてありました。 私としては、「日本を,9,2023-03-19 01:34:51,2023-03-19 01:34:51
最近、自分自身を褒めることが大切だと思います。,自分にばかり責任があって自分だけが悪くてなんていうことはありません。 まずは自分の気持ちを客観的に観ることからスタートしてみてはいかがでしょう? 本やネットで学んだことがすぐに結果に影響することはないんです。 自分をもっと好きになることで、,94,2023-03-19 01:35:06,2023-03-19 01:35:06
最近、旅行に行くことが夢になっています。,初めてで緊張しています! 一人で行動することが多いです。 旅行に行ってみたいので、教えて下さい。 今度ベトナムに行くのですが、現地の旅行代理店をいくつか回ったのですが、ほとんど同じこと聞いていました。 ガイドの方がベトナムで一番安いところを,48,2023-03-19 01:35:21,2023-03-19 01:35:21
人間はなぜ夢を見るのか？その謎を解くための研究が進んでいる,_ いいね!143 人間はなぜ夢を見るのか?その謎を解くための研究が進んでいる _ いいね!129 どうして私たちはこんなに落ち込んでいるのでしょう? _ いいね!165 どうして「世界中が怖い」と思うようになったのでしょう? _ いいね!,32,2023-03-19 01:35:39,2023-03-19 01:35:39
量子コンピュータが実用化されると世界が変わるかもしれない,量子コンピュータは、ニューラルネットワークなどを用いた機械学習による、仮想環境と仮想マシンからなるシステムである。 計算機科学、または量子コンピュータによるディープ・ラーニングや自然言語処理と呼ばれる文脈で「量子コンピュータ」として語られる,38,2023-03-19 01:35:56,2023-03-19 01:35:56
この間、好きな本を読んで時間を忘れてしまいました。,自分の中の、すばらしいところ、得意な分野を掘り起こしてみること、それが、新たな自分を発見することになるのでしょうか。 昨今の、ai(人工知能)がもたらしてくれる可能性を、あらためて実感しました。 ただでさえ大変な作業ですが、そこに自分なりの,92,2023-03-19 01:36:13,2023-03-19 01:36:13
最近、自分自身が本当にやりたいことを見つけることが大切だと感じます。,もちろん、自分にしかできない仕事、やるべき仕事を見つけることは大切で、 僕は本気でこの道で行きたいと思っていたわけではなく、ただ目の前にある仕事の、 そう思わせてくれる先輩方のアドバイスに日々勉強させていただいている次第です。 もちろん、先,33,2023-03-19 01:36:30,2023-03-19 01:36:30
最近、自分自身が持っている弱みを克服することができました。,自分一人では解決できない課題に対して、仲間がいれば解決する。 今回、初めて自分の強みを客観的に見ることができ、自分がもっと自信を持って成長出来るように感じたので報告させていただきます。 私が学生の頃は、自分の短所に対してコンプレックスを抱え,72,2023-03-19 01:36:45,2023-03-19 01:36:45
今日は自分自身にご褒美をあげて、過ごしました。,自分のペースですごく贅沢な時間を過ごせて、とても満足して帰りました。 また、来ます。 この方は本当に大勢のファンを獲得し、カリスマを創りだした方です! 私たちが皆さんに対して、ご指摘したかったのは、 1「大声を出す」こと2「身体をほぐすこと,34,2023-03-19 01:37:01,2023-03-19 01:37:01
クジラが鳴く頻度には意味がある,鯨の鳴き声には、周波数が決まってあり、人間が認識しやすい周期で鳴く。 人間の聴覚は人間によって自動的に加工されており、クジラの鳴き声は人間以外が聞いたことはない。 鯨の音に耳を傾け、耳をふさがずに長時間聞くと脳波が刺激され、リラックス効果が,42,2023-03-19 01:37:18,2023-03-19 01:37:18
この間、自分自身が持っている才能に気づくことができました。,なぜ、自分が「気づき」と言えないのか。そして、どのようにすれば「学ぶ」ことができるのか。 自分が持っている才能に気づくこと、それは新しい自分の可能性を発見すること。今まで見えなかった新しい気づきは、これまで自分が持っていた可能性、これからも,32,2023-03-19 01:37:34,2023-03-19 01:37:34
宇宙空間での生活は人間にとって過酷なものだ,宇宙ではどうか知らんけど、人間の寿命は長いと実感した。だから、年をとることをあまり恐れなくなった。 そういえば昔、自分のために宇宙に来たって聞いたことがある。今の宇宙は、俺にどんな影響があるんだろうか。 地球では、みんなが知ってるあの有名人,96,2023-03-19 01:37:51,2023-03-19 01:37:51
今日は家族と一緒に食事をしました。,両親は既に家に帰り、私は家族と一緒にお休みになりました。 子供がいるから、私達家族はとても楽しい旅行をすることになりました。 いつものように、家族の食事の日がやってきました。私は夫と一緒に過ごしました。 私はとても美味しかったです。私はいつ,86,2023-03-19 01:38:08,2023-03-19 01:38:08
最近、新しいことに挑戦することが楽しいです。,自分の趣味が趣味なため、周りの方を喜ばせたり、楽しんでもらえたりできると素敵だなと思うことが多い。 私はいつも新しいことに挑戦します。最近は、絵を描くことがとても楽しいです。 私は小さい頃、色んな人が家にお邪魔してきました。 小さいうちは、,4,2023-03-19 01:38:24,2023-03-19 01:38:24
最近、勉強に時間を取り組むようになりました。,学生時代は「何かやることないかなぁ」と思ったら、すぐに始められました。 特に数学は本当に、周りの人たちにすすめられて、好きになって、独学で勉強を始めました。 でも、この前の休みには、大学がお休みだったのですが、友達と遊びすぎて大学 休みが一,66,2023-03-19 01:38:41,2023-03-19 01:38:41
今日は仕事が忙しくて疲れました。,明日、明後日と、家族共々、家族で旅行に行くので、早めに寝ます。 まあ、明日も仕事ですからね。 今日は仕事が忙しくて疲れました。 明日、明後日と、家族そろって旅行に行くので、早めに寝ます。 それと、今日は仕事が忙しくて疲れました。 明日も仕事,62,2023-03-19 01:38:57,2023-03-19 01:38:57
AIの発展によって、人間と機械の関係はどう変わっていくのだろうか,<unk> 「<unk> 」(の<unk> )は、<unk>と対物交換を行う機械である。 その対象が機械であることを識別するために、通常は大文字の「(~)m」の頭文字を取って「マター」と呼ばれる。 機械的な機械とは異なり、人間の意志によって,35,2023-03-19 01:39:13,2023-03-19 01:39:13
今日はお店で美味しいものを食べました。, 私の誕生日に、親戚からの... 今日は、私の尊敬している方の結婚式でした!おめでとうございます(o^^o)... 今日は晴れてて、夏らしい日です。 海も近くて、とてもいいです<unk>... 4月も後半になりました。 そろそろ新しい生活が,14,2023-03-19 01:39:29,2023-03-19 01:39:29
最近、新しい出会いがあって嬉しいです。,今回、自分の好きな人を紹介されました。 私は昔から優しい人が好きだと言いますが、そう言ってもらえてうれしかったです。 どうしたらこんなに好かれますか。 私は、年上の人が好きです。理由は、年齢よりも若く見られるからです。年上が好きです。...,43,2023-03-19 01:39:46,2023-03-19 01:39:46
最近、新しい出会いがあって嬉しいです。,最近、ちょっとだけ、出会い系サイトを試してみようかと思っていたの... ハニートーストを食べると、幸せを感じるそうですので、今から食べてみようかと思っています。 先日、いつもお世話になっている美容師さんに、一緒にお出かけするという話をしてい,50,2023-03-19 01:40:02,2023-03-19 01:40:02
この間、友達とおしゃべりしていたら時間があっという間に過ぎました。,もうちょっと、気づいて、自分のことを振り返ってみたいと思います。 でも、今回は大丈夫。今日は本当にお友達のことをよく考えたんだよね。 今まで、自分のためにばかり生きてきたんだから、友達のことなど、全く考えてなかったわけですよね。 だけどね、,47,2023-03-19 01:40:19,2023-03-19 01:40:19
最近、友達との会話がとても刺激的です。,,74,2023-03-19 01:40:34,2023-03-19 01:40:34
最近、音楽を聴くことが癒しになっています。,自分の性格の傾向は、昔から音楽を聴くことで改善してきたと思います。 私が子供の頃も、カラオケで歌って、楽しさを覚えた記憶があります。 曲によっても異なると思いますが、カラオケで歌う音楽と違う音程を取ると「変に聞こえる」というか、音程がズレて,34,2023-03-19 01:40:43,2023-03-19 01:40:43
この間、自分自身が大切にすることを改めて思い出す時間を持ちました。,これから私たちが暮らす世界のいろいろな問題について考えたいと思います。 1回生のみなさんに、これからの社会について考えてもらいたいと思います。 1回生、2回生のみなさん、楽しい授業をありがとうございました。 昨晩は、3年生の代表生徒が2年次,96,2023-03-19 01:41:00,2023-03-19 01:41:00
最近、自分自身の成長を感じられるようになってきました。,私は、現在、大学3年生です。 夢を語らずに今はただ夢を語ってしまうくらいです。夢を持つことは大事ではあるのですが、現実を捉えながら、自分が今どこにいるのかということを考えてみてください。 私は、高校3年の夏からずっと東京にいてます。私は東京,51,2023-03-19 01:41:16,2023-03-19 01:41:16
今日は思わず笑ってしまう出来事がありました。,うちの社長は、朝と夜に必ずと言っていいほど、社員全員で会社の事務所の掃除をしてくれます。 私達人間の仕事が完璧にこなせるのも、社長のお陰ですね(*^_^*) 本日はあいにくの雨(>_<)お外は寒いですが、暖かい中での練習は気持ちが良い!! ,54,2023-03-19 01:41:33,2023-03-19 01:41:33
この間、家族と一緒に過ごす時間がとても幸せでした。,父が亡くなったあと、私は母の死を受け入れきれずにとても荒れた気持ちでいっぱいになっていました。 ですが、ある時父が作った詩が家族に愛の歌を届けてくれて、少しずつ気持ちが持ち直していきました。 私は詩を書くことが、とても得意だったので母の遺影,56,2023-03-19 01:41:49,2023-03-19 01:41:49
昨日は思いがけない出来事がありました。,うちの子が幼稚園でお友達と遊び始めたのです握手会で。 うちの子、いつも大体こんな感じなんです。 私「なんでそんな態度なの?」a「私、こないと思ってたから......」a「本気ですよ」私「えっ、本気で......」 うちの子が幼稚園でお友達と,95,2023-03-19 01:42:05,2023-03-19 01:42:05
昨日は友達と一緒にお店に行きました。,初めてでしたが結構... » more 日曜日の深夜0時前に店を出て、友人と少し話をして... » more 土曜日に友達(4歳)と約束し... » more 私は高校生の頃、友達に「好きな人ができたら」と 話したら「お姉ちゃん... » ,98,2023-03-19 01:42:22,2023-03-19 01:42:22
この間、自分自身が持っている才能に気づくことができました。,自分の内面に興味をもって、他人の欠点や欠点ではなく、自分の中のものについて意識的に受け入れるようになれたのです。 私は「自分が好きなもの」と「人から好まれる人」をセットにして、自分自身の魅力について捉えていました。 もちろん、好きなものとい,80,2023-03-19 01:42:39,2023-03-19 01:42:39
AIの発展によって、人間と機械の関係はどう変わっていくのだろうか,機械はなぜ人間の生命維持のためだけに存在するのだろうか 人間の存在が、機械の発展によって変わっていくというのは納得である。 機械と人間の、より強い関係が保たれているというのはもちろんわかるし、 そのことを考えることが楽しいのは、ただ機械を覗,7,2023-03-19 01:42:55,2023-03-19 01:42:55
最近、自分自身が本当にやりたいことを見つけることが大切だと感じます。,自分はどんな仕事をしていくかをより明確に考えてみ、今後どのようにやって行きたいかという計画を立て、これから先の人生のキャリアに役立てることができればと思っています。 今までにも何回でも同じ失敗を繰り返している人。をおこなうかはあなた次第。失,49,2023-03-19 01:43:11,2023-03-19 01:43:11
最近、自分自身が本当にやりたいことを見つけることが大切だと感じます。,私は、その日も1時30分から、1時間かけて「お金」について考えましたし、 「自分が本当に行きたいことをする」ということも、その1つです。 もしそれができなかった場合、また同じことにチャレンジしていかなければなりません。 なので、今、私にとっ,74,2023-03-19 01:43:27,2023-03-19 01:43:27
昨日は自分自身に課した目標に向けて頑張りました。,僕にとっては、自分の目標に向かって何事にもあきらめずに努力できたという事に感謝する日です。 目標達成の為の日々の努力と目標達成後からの1日1日を大切に生きよう。 今日は、昨日に引き続き4月8日(日)に東京国際フォーラムで開催される第4回「お,61,2023-03-19 01:43:43,2023-03-19 01:43:43
今日は早起きしてスッキリしました。,朝の10時から午後1時までずっと外で仕事をしているんですが、朝起きたら家の中が暑くて、これで家の中の冷房は本当に効いているのかと、若干不安になったぐらいでした。 でも外で仕事するにしても暑さは避けて通れないので、冷房は必須ですよね。 という,91,2023-03-19 01:43:59,2023-03-19 01:43:59
最近、読書が趣味になってきました。,以前から書店に行ったりはしていましたが、今は電子書籍で購入をして読むことも多くなりました。 最近は、紙の本だけでなく電子書籍も購入をして読むことも増えたのですが、ネットから検索などをしてしまうと、 読みたくても読みたい本のリストや本を探すの,92,2023-03-19 01:44:15,2023-03-19 01:44:15
この間、家族と一緒に過ごす時間がとても幸せでした。,子どもと一緒にいることが多くて、仕事にプライベートにと忙しく、本当に毎日が充実していたと思います。 でも毎日が充実していたとは言え、子どもに会うときは、常に何かを抱えていて、何かが私の悩みのタネになっていたと思います。 そう思っていたので、,12,2023-03-19 01:44:32,2023-03-19 01:44:32
最近、自分自身の強みを見つけることが大切だと思います。,自分探しをすると自分の中の当たり外れが見分けられてきます。また、自分の得意なことは周りから見てどう見えているか、など他の人がどうなのか、ということを知ることもできます。 もちろん、自分を見つけるために、まずは今自分がやっていること、自分が苦,46,2023-03-19 01:44:48,2023-03-19 01:44:48
昨日はひとりで映画を観に行きました。,昨日は、午前中、久しぶりに、映画を観に行こう~ ということで、昼過ぎからの出勤だったので、お昼を食べにお出かけ。 そして、お昼ご飯を・・・ というと、何かを思い浮かべて、また同じ場所へ... そういえば1年程前、2階にある小さなブックカフェ,30,2023-03-19 01:45:04,2023-03-19 01:45:04
今日はお気に入りの本を読んで過ごしました。,今日は、図書館で借りてきた本を一冊読みました。「未来への扉」 夢や願望を実現するために必要な、「未来への行動」について教えてくれます。 「未来への扉」の3冊の目次をご紹介します。参考にしてみてください。 「未来への扉」の3巻目は「夢ノート1,80,2023-03-19 01:45:21,2023-03-19 01:45:21
今日はおいしいスイーツを食べて、心がほっこりしました。,昨年は、お世話になった大好きな家族にも恵まれ、忙しい日々を過ごせたことに喜びを感じます。 いつものケーキやランチもおいしかったけれど、スイーツで心をもたないわけにはいかない!と、今回はお願いしました。 スイーツにプラス500円でコーヒーや紅,25,2023-03-19 01:45:40,2023-03-19 01:45:40
最近、自分自身の可能性に気づけるようになってきました。,そうならない為に自分で出来る事をしっかり考えて行動して行こうと思っています。 自分の人生は自分でコントロール出来ると感じ始めたのはつい最近でした。 今まで、自分の人生は自分で決めて歩んで行かなくちゃと思ってたけど、 自分のやりたい事を明確に,87,2023-03-19 01:45:55,2023-03-19 01:45:55
最近、自分自身について考えることが多い。,よく、自分が考えすぎていると自覚することが多かったので、改めて思考してみようと思い、書いてみることにした。 僕にとって一番重要なもののひとつが、自分が生まれて育った故郷であるということだ。 ここ最近は、北海道の北海道弁を聞けなかったので、嬉,31,2023-03-19 01:46:12,2023-03-19 01:46:12
最近、自分自身の弱みを認めることが自分自身を成長させるきっかけになると感じます。,自分自身は強くなりたいと思っているから、他人に弱みなんて見せたくないと思うのが本心だと思います。(20 代・会社員) 自分自身について「弱くていいんだ」と割り切ることで、自分の弱さを受け入れて、自分を生かす道を探し続けることができます。 弱,35,2023-03-19 01:46:29,2023-03-19 01:46:29
人間はなぜ夢を見るのか？その謎を解くための研究が進んでいる,_ #今夜 #夢占い 人には「夢」を見る時というのがあって、その時だけ、その人には何も伝わってきません その昔、夢の中で空に星が見え、その人の心も空から見上げる事ができていたのです その不思議な不思議な空間の中、心が空から吸い込まれて行って,94,2023-03-19 01:46:44,2023-03-19 01:46:44
最近、自分自身が本当にやりたいことを見つけることが大切だと思います。,皆様の中にも、学生時代に夢を見つけることができなかった方は少なくないと思いますが、これからの時代は、学生でも夢を叶えて夢を実現することができます。 この1年、今まで自分がやってきたことを信じて、夢や目標を見つけてくださいね。 また、6月上旬,100,2023-03-19 01:47:00,2023-03-19 01:47:00
今日は思わず笑ってしまう出来事がありました。,そうです、ある朝、私の隣の席に座っていたお母さんがその会話を聞かれるわけでもなく、私の顔をちっとも見ないで勝手に立ち上がり、その方に質問をしてきました。 その方は、お話ししながら私に「どうだった?」と聞いてきました。 するとそのお母さん。 ,84,2023-03-19 01:47:16,2023-03-19 01:47:16
この間、友達とおしゃべりしていたら時間があっという間に過ぎました。,最近、またお会い出来る機会が多いのでそのことをとても感じています。 まだまだ若いし、お肌はきれいだけど、やっぱり若い頃には勝てないんだよね。でも、今の肌に合った化粧品を使えば、きれいでかわいく若々しい、きれいになって毎日が楽しいですね!!(,5,2023-03-19 01:47:32,2023-03-19 01:47:32
最近、自分自身のために時間を取ることが大切だと思います。,どんなことがあっても前向きに頑張りたいですし、その頑張りは自分への自信にもつながるように思います。 私は何事もポジティブに考える性格ではないけれど、自分のために何かをする時間や場所を持つことは大切にしたいなって思います! みなさんも時間がで,5,2023-03-19 01:47:48,2023-03-19 01:47:48
今日は思わず笑ってしまう出来事がありました。,私が通っていた高校は生徒の8割が県外へ進学していました。 それはそれでいいのですが、同じクラスの子たちに話すと、なんと... そう、これだけは言えるのです。 『私は、お前が1番好きなんで!』 私はそう思ってました。(笑) ですが、ある日生徒,3,2023-03-19 01:48:05,2023-03-19 01:48:05
昨日は自分自身に課した目標に向けて頑張りました。,今回は、特に目的を持ってトレーニングしたわけではなく、いつもと同じ感じで走りました。 ペースが早いのは、やはり疲れやすいからでしょうか・・・・。 「あと30周ほどで3分切りです。」と指導員さんに言われ、少しペースを落として、1周2周の8分3,38,2023-03-19 01:48:21,2023-03-19 01:48:21
今日はおいしいランチを食べました。,私はコーヒーが大好きで、特にドリップコーヒーを飲むのは毎日のように飲んでます。 朝は起きてすぐにコーヒーを3杯飲んで、その後はいつもパンをたくさん食べます、、。 今日は、私のお気に入りのコーヒーのお店を紹介します、ここが今すごい噂になってい,14,2023-03-19 01:48:37,2023-03-19 01:48:37
昨日は久しぶりに好きな料理を作ってみました。,以前、紹介した「白玉団子」を食べてみました。 ご実家のお手伝いをされているご家族に、お手伝いのメニューやお手軽料理として、 美味しいレシピを... 今日は、久しぶりに、お料理教室へ行ってきました。 以前紹介した「カラッと揚げたピクルス」や、,16,2023-03-19 01:48:54,2023-03-19 01:48:54
ビールには健康に良い成分が含まれているって知ってた？,>ビールには健康に良い成分が含まれているって知ってた? > ビールには健康に良い成分が含まれているって知ってた? > > > サプリメントは1種類につき複数の健康成分を含有している場合があるよね? 俺の知り合いは毎日500mgのものを飲んで,47,2023-03-19 01:49:10,2023-03-19 01:49:10
今日は思わず笑ってしまう出来事がありました。,もう、私も何回も「笑う」という言葉を使っていますが、本当に笑ってしまいますよね。 その言葉がいつの間にか私の顔に刻まれ、その笑顔は言葉よりもずっと魅力的です。 ただその表情や仕草に、言葉では決してお話しすることはできない、私の心の葛藤や葛藤,64,2023-03-19 01:49:26,2023-03-19 01:49:26
今日は美味しい料理を作って、自分自身を褒めました。,明日、また、良い週末をお過ごしください。それでは、お休みなさい。 料理の味を褒めない訳にはいきませんから、頑張って、練習しました。 明日は良い週末ですが、その前にお洗濯をしま~す。そうしないと、風邪をひいてしまうからです。 最近、夕食を食べ,79,2023-03-19 01:49:43,2023-03-19 01:49:43
芸術作品の鑑賞は人間の感性を高める,。 絵画鑑賞は、芸術作品を鑑賞するための人間の能力開発に欠かせない。 特に、絵画は人々の思考能力を向上し、表現的才能を伸ばす。 人間の芸術作品は優れた芸術作品と無意味な芸術作品が混合した状態となり、芸術の芸術性は失われる、とモナ・リザは示唆,96,2023-03-19 01:49:59,2023-03-19 01:49:59
最近、自分自身に厳しくなってきました。,仕事は楽しく、やりがいがあり、幸せを感じている人もいました。 でも、会社に行くのが嫌です。 毎日、なんどいうこと、いうこと、考えています。 最近、会社で働くのが楽しくありません。 職場にいなければ、いいのに、と思う気持ちもあります。 私は「,0,2023-03-19 01:50:16,2023-03-19 01:50:16
昨日は家でゆっくり過ごしました。,外にも出てみたかったのですが、そんなわけにもいかず ハワード・ヒューズと彼の息子を主人公にした映画「12人の怒れる男」(原題:12 whole knife)を 昨日はずっと家で過ごしていました。といってもずっとベッドの中でした。 お風呂に入,89,2023-03-19 01:50:32,2023-03-19 01:50:32
この間、好きな音楽を聴きながら料理をしていました。,料理は苦手ではありませんが、音楽を聴きながら料理するのは、ほとんどしないのです。 というのも、昔は音楽がなければ、食事などできなかったのです。 この曲がなければ、日本中のすべての人が食事など出来なくなるくらい有名になった曲ですが、実はこの曲,12,2023-03-19 01:50:51,2023-03-19 01:50:51
昨日は好きな映画を見て、感動しました。,私にとっては「何十年ぶりかに見た映画」、 「20年越しの大好きな映画」でした。 「この映画は私に何をもたらしてくれたのでしょうか?」.... 映画が大好きな私は、自分の映画をいつも「誰か」が、何となく、見て、見て、笑ってくれる.... とっ,58,2023-03-19 01:51:07,2023-03-19 01:51:07
人工知能を勉強することは、今後のキャリアに有利だと思う,人工知能の最先端技術を勉強して、プログラミングを勉強することは、将来何かしらの職業に就くために役立つのは言うまでもありません。 これは人工知能がどんなものか知りたいだけに限らず、将来起業をする予定の人や、これから起業しようとしている人にも大,10,2023-03-19 01:51:24,2023-03-19 01:51:24
昨日は好きな人と一緒に過ごして、幸せな気持ちになりました。,昨日は一昨日のお話しで、私の周りの人たちをご紹介したいと思います(^^) 先日、お会いした方から、私はずっと同じことばかり考えていて、嫌な気分になることも多かったです。 でも、好きなことをするって、どんなに忙しくても全然苦じゃないし、私も全,80,2023-03-19 01:51:41,2023-03-19 01:51:41
昨日は良い天気だったね,,60,2023-03-19 01:51:56,2023-03-19 01:51:56
この間、面白い本を読みました。,以前、私が自分の子どもに見せた本も、「こっちだよ」と言って、読んでもらった絵本です。 自分の子供は、本の内容は大きすぎず、小さくても中身が面白い本でした。 それで、「図書館の本は何が違うの」と聞いたら、「この子にあったの」といいます。 私の,38,2023-03-19 01:51:59,2023-03-19 01:51:59
最近、音楽を聴くことが癒しになっています。,仕事終わりに、ふと思い出したら、いつの間にか時間が経っていて、 昔は、テレビで聞いているだけでしたが、最近は、寝る前の1〜2時間ぐらい? 自分の中に自分の音を取り入れることで、何時間も集中することってありますよね。 眠れないくらい深い感動を,27,2023-03-19 01:52:15,2023-03-19 01:52:15
昔は、道具を自分で作ることが当たり前だった,僕が子どもの手の届かないところへ道具を置かせてたんだと思う やむを得ない時、僕はどうしても道具を作らなければならない時がある 僕は物を作り、僕が自分で道具を作る。自分で作る。それが今の僕の居場所だ だから僕は道具を持たなかったんだ 僕とお前,12,2023-03-19 01:52:30,2023-03-19 01:52:30
この間、友達と美味しいものを食べた。,私の母親は本当に良い人で私を育ててくれたのかなとふとした時に思い出してしまうことがある。 私は中学3年生の冬に母親が入院し、その時に初めて親父と向き合う事ができた。 私は父に対して「ありがとう」と言ったけれど父は一度も感謝の気持ちを口にしな,1,2023-03-19 01:52:46,2023-03-19 01:52:46
今日はおいしいランチを食べました。,先日は、食事を頂いたのですが、とてもおいしゅうございました。 美味しいランチのあとは、お腹の調子も快調で、気持ちよくなってしまいました。 ありがとうございました。 おいしいランチのあとは、いつものコースをご紹介いたしましたね。 今日は、いつ,36,2023-03-19 01:53:01,2023-03-19 01:53:01
最近、自分自身のために時間を取ることが大切だと思います。,私は、今の自分を分析して、何ができるだろうと考えて自分の可能性や価値について考え中です。 あなたが今ある可能性を活かし、また、これから成長する過程で可能性を感じとることが、 ・あなたが「何をしたいか」「何をやったら良いか」をイメージしながら,79,2023-03-19 01:53:17,2023-03-19 01:53:17
最近、畑を始めたんだけど、自分で作った野菜はとても美味しいんだ,今日も野菜のお話をしたり・・・・。(まだ、野菜についての記事は一つしかないけど・・・) やっぱり、畑で野菜を作って収穫し、それを美味しくいただくのは楽しいんだね 野菜作り始めて、たくさんの事を体験し、たくさんの勉強をする事になったよ やっぱ,1,2023-03-19 01:53:32,2023-03-19 01:53:32
最近、自分自身を褒めることが大切だと思います。,"_ キレイになりたい 最近の私、おしゃれをしたい!と思っても、なかなかうまくいかない事が多く悩んでいました。 毎日鏡で自分の頭やお尻、胸を見ては落ち込んでいました。いつも自分ではダメだと思っていたんです。でも、お店の中の女性店員さんが ""こ",82,2023-03-19 01:53:47,2023-03-19 01:53:47
最近、糖質制限ダイエットをしているんだけど効果があるよ,糖質制限ダイエットに効果的な、ダイエットサプリメントについての記事です。 糖質制限ダイエットをしているときって、何かと健康を気にするものですよね。健康的に痩せることが出来るのなら、痩せたほうがいいですよね。 糖質制限ダイエットをしても痩せら,12,2023-03-19 01:54:02,2023-03-19 01:54:02
自己啓発書を読むと心が豊かになる気がする,_ ももさんのブログ 自己啓発の本を読むと心が豊かになる気がするって話、どこかで聞いたことありませんか? 僕はこれまで、自己啓発本にお金を使うことがどうしても出来ませんでした。 というわけで、自己啓発本を選ぶ時のコツを紹介していきたいと思い,19,2023-03-19 01:54:17,2023-03-19 01:54:17
最近、友達と過ごす時間が楽しみです。,休み時間に、友だちと楽しく話が弾んでいるのを見たときの「良かったなぁ〜」という、少しほっとする気持ちは、とても大きなものですよね。 とはいえ、私はあまり友達と遊んでいないから、友達が作れたり、友達と遊んだりしていることを実感することが少ない,1,2023-03-19 01:54:32,2023-03-19 01:54:32
この間、美味しいコーヒーを飲みました。,さて本日は、昨年の6月に開催した、コーヒーセミナーを、改めてご案内させていただきます。 ご参加を希望される方は、お早めにお問い合わせ、ご予約をお願いいたします。 次回、セミナー開催予定をお知らせいたしますので、宜しくお願い致します。 *12,35,2023-03-19 01:54:48,2023-03-19 01:54:48
この間、友達と美味しいものを食べた。,,49,2023-03-19 01:55:04,2023-03-19 01:55:04
人工知能を勉強することは、今後のキャリアに有利だと思う,最近は pcで手軽に ai の勉強ができる時代になってきたと思います。 google が ai を使っていても ai が使いすぎという感覚はあまりありません。 google が ai を使ったアプリを開発する理由は、ai を使いすぎではない,25,2023-03-19 01:55:08,2023-03-19 01:55:08
最近、自分自身の時間を大切にしています。,最近読んだ本で「仕事も恋愛も... 最近は「仕事が忙しくて、家事は後回し」みたいな家庭が増えています。 でもね、... 最近、結婚して専業主婦になった。というご夫婦から相談を受けることがあります。 ある時、私も... 恋愛をする時や好きな人,25,2023-03-19 01:55:23,2023-03-19 01:55:23
最近、自分自身を認めることが大切だと感じます。,私もそんな風に自分で決めていられるくらいのスキルを身につけたいです。 今日の記事は、私の経験をもとに、「今よりも良い生活を手に入れるための 目標を設定した時、それを実現するために何をしてこようかと、 あなたが幸せになるまで、この3つのことは,90,2023-03-19 01:55:39,2023-03-19 01:55:39
昨日は久しぶりに好きな料理を作ってみました。,今まで野菜を調理した事が無かったので最初は戸惑いもありましたが、普段の料理に生かせるかなと思いまし... ちょっと前に買った100均のキッチングッズを紹介します。 今回は、このキッチングッズを使ってお料理を楽しんでみようと思ったので、紹介し,2,2023-03-19 01:55:54,2023-03-19 01:55:54
最近、映画をよく観るようになりました。,好きな映画は、まだ沢山ありますが、今回の作品はちょっとマイナーな映画でしたの ので、ネタバレの無いレビューをしますね^^ おすすめです! 私は、昔からあまり映画を観るのは得意ではないので、ネタバレ無しで感想を書いて 行きたいと思います。 「,32,2023-03-19 01:56:09,2023-03-19 01:56:09
昨日は友達と一緒にお店に行きました。,とても楽しい時を過ごしました。 私は友人と一緒に楽しい時間を過ごすことができ、本当に良かったし、私はそれを非常にお得に感じました。 私たちのバーは夜遅くまで私たちと一緒にいた人たちは楽しんでいました。 私たちはこの場所を再びお勧めします。 ,99,2023-03-19 01:56:25,2023-03-19 01:56:25
最近、新しい本を読んでいるんだけど面白いんだ,_ ちょっと調べてみよう でね、こういう記事を書いていると、たいていの記事はネタバレに近い内容の記事ばっかりなのですね(笑)。 なのですね(笑)。なので、どうしても気になる本は読んでみても損は無いと思いますよ。 特に漫画はそういう事がない限,78,2023-03-19 01:56:41,2023-03-19 01:56:41
この間、好きな音楽を聴きながら料理をしていました。,私も一緒に食べたいと、母と2人でケーキ屋さんを回っていました。 好きな音楽だったら、途中で諦めたことはありません。私、今でも大好きですよ。 母が亡くなって4年が経ちました。突然亡くなったので、悲しみでいっぱいでした。 実家に帰ったとき、母の,82,2023-03-19 01:56:56,2023-03-19 01:56:56
今日は友達とおしゃべりして楽しかったです。, ありがとうございました。 そして、お気遣いまでしていただいて本当にありがとうございました!! とびっきり可愛いです♡ありがとうございました...続きを読む 昨日は、短い時間でしたがありがとうございました( ́∀<unk>) 話、いっぱいで,51,2023-03-19 01:57:12,2023-03-19 01:57:12
今日はとても良い天気でした。,天気は気持ちいいです。 仕事は忙しいですが、プライベートで時間があれば出かけます。 仕事が終わり、帰宅後はパソコンでプログラミングをしています。 昨日は夜ご飯にカニを食べに出かけました。 また一つ学... 今日は本当に良い天気になりました。,29,2023-03-19 01:57:27,2023-03-19 01:57:27
人間はなぜ夢を見るのか？その謎を解くための研究が進んでいる,,25,2023-03-19 01:57:42,2023-03-19 01:57:42
最近、自分自身のために時間を取ることが大切だと思います。,誰かに愛想をつかされたら、その気持ちにはこたえられないのではなかろうかと思います。 そうして生きていくには、どんなに時間がなくても、愛想を振りまいておかなければいけませんね。 きっと、誰の目にもかわいく輝いているあなたの姿が映ることでしょう,22,2023-03-19 01:57:45,2023-03-19 01:57:45
最近、音楽を聴くことが癒しになっています。,私の場合はクラシック音楽にハマってます。(^_^)v クラシックは昔から好きで、好きな曲だけ聴ける環境だったんです。 でも、その音楽の本質、魂を感じることができると、もっと好き。 でも、クラシック音楽の本質、魂というのを感じられるのは、最近,47,2023-03-19 01:58:00,2023-03-19 01:58:00
昨日は家事をしながら音楽を聴いていました。,昨夜の仕事から帰宅する途中で聴きたくなることが無かったのです。 それは私のピアノが今の自分に向いていると感じたのです。 毎日朝から晩までピアノを弾き続けてる自分に自信が持てたのです。 私としては ピアノが大好きだから... いつも聴いてもら,78,2023-03-19 01:58:16,2023-03-19 01:58:16
最近、忙しくてなかなか休めない。,仕事終わりに飲みに行ったり、休日は友達と遊んだり。 休日を満足に過ごせない。 仕事の合間や週末は趣味や家族との時間を大切にしたい。 そんなときは、忙しい中でも時間を作って少しでも気になることがあるのならば、その時間も仕事を頑張るチャンスに変,52,2023-03-19 01:58:31,2023-03-19 01:58:31
最近、自分自身が本当にやりたいことを見つけることが大切だと感じます。,今までは、やりたいことが見つけられず、それを実現させようと努力するあまりに、無駄な努力を沢山していたと思います。 そしてその結果、自分に必要なものがわからず、ただお金を使っているだけだったと思います。 それでは本当にやりたいことは見つけられ,83,2023-03-19 01:58:47,2023-03-19 01:58:47
この間、自分自身が持っている才能に気づくことができました。,自分の本質や、自分のあり方を知ることで、新しい世界が見えることに気づきました。私は、今まで、気づいていませんでした。それが、ある時、気づきました。 それは、あなたが生まれて、あなたが成長していくことで、自然に生まれることです。 あなたが、私,7,2023-03-19 01:59:02,2023-03-19 01:59:02
最近、新しい本を読んでいるんだけど面白いんだ,... 続きを読む → 日本のお酒がアメリカで有名になったのは、アメリカの禁酒法の時なんだ... 続きを読む → 最近、会社の人に誘われて、映画館の「オーシャンズ8」を観てきたよ... 続きを読む → 最近よく行く映画館、シネクイント。平日,57,2023-03-19 01:59:17,2023-03-19 01:59:17
今日は美味しい料理を作って、自分自身を褒めました。,_ ごはんだよ 最近少し暖かい日も多いですが、まだまだ残暑がリーナさんには気を付けないといけないでしょう。 涼しい秋に向けて、まだまだ暑いので皆さん体調管理には十分に気をつけてください。 今日はとっても暑かったですが、本当に沢山の人、料理人,11,2023-03-19 01:59:33,2023-03-19 01:59:33
人間の脳はまだ解明されていない部分が多い,1 :風吹けば名無し@\(^o^)/ 2020年代はインターネットの普及率が1〜2割に下がり : ネッパキング 2020年代はインターネットの普及率が、4〜5割に落ち込む。 twitterは若年層を中心に高い支持を受けている。snsを使った,47,2023-03-19 01:59:48,2023-03-19 01:59:48
最近、自分自身の成長を感じられるようになってきました。,今日から学校が本格的に始まったので、学校に行きたくてウズウズしています。 今回は、3・4年生を対象に受験生必見!模擬試験をお届けしたいと思います。 まず、自己分析をしましょう!受験生の皆さんは、「なんとなく志望校が決まっている」、「志望校っ,99,2023-03-19 02:00:04,2023-03-19 02:00:04
最近、自分自身を褒めることが大切だと思います。,私は「やったことを褒められて、心強く、すごく勇気づけられた」という体験をしました。 その気持ちを誰にも伝えきれなくて、自分が「やった」という気持ちになるだけで、なんだか物凄く頑張ってやった、やる気を出すことができました。その日から私に「やっ,49,2023-03-19 02:00:19,2023-03-19 02:00:19
今日はお店で美味しいものを食べました。,写真が沢山あります! また、お店の雰囲気も良くて、お店の人と話もできて楽しい時間が過ごせました。 ありがとうございました~。 今日も沢山の方のお店を回ってきました! これから楽しい話が沢山できるといいな~。 &nbs... まだまだ寒いです,24,2023-03-19 02:00:34,2023-03-19 02:00:34
最近、糖質制限ダイエットをしているんだけど効果があるよ,_ 糖質制限ダイエットの効果を検証するブログ 糖質制限ダイエットが人気なのは、やっぱり「炭水化物は必要ない」というイメージが定着していることでしょう。 しかしそれは間違った考え方であり、糖質制限をすると血糖値の乱高下が改善されるので、食べ過,91,2023-03-19 02:00:50,2023-03-19 02:00:50
今日は思わず笑ってしまう出来事がありました。,電車の中での出来事です。 私の隣にいたお年寄りの男性がいました。 話を聞いてみると 私は電車に乗っていたのですが、後ろの方から何やら声をかけて... 今日は朝からとーっても気持ちがいい日です、みなさん、今日も一日がんばっていきましょう。 今,64,2023-03-19 02:01:05,2023-03-19 02:01:05
今日は家族と一緒に食事をしました。,ごめんなさい、私は何か言ったのだろうか? 私は恥ずかしがって聞きませんでした。 彼は気にもとめませんでした。 私は私と話すのに慣れているし、私たちの家族や職場の関係についてもっと話して欲しいと思っていました。 私は自分の名前を話すことはまだ,41,2023-03-19 02:01:21,2023-03-19 02:01:21
最近、自分自身の時間を大切にしています。,そうすると、少しの時間を自分のために使うことができます。 例えば私の場合、コーヒーを飲んでいるのですが、コーヒーはいつも決まった時間に飲みます。それで、好きな時間に、好きな人と飲む事ができるし、好きな時に外出もできます。 コーヒーにこだわり,90,2023-03-19 02:01:36,2023-03-19 02:01:36
今日はお祭りに行ってきました。, 仕事が忙しくて 昼から行ってきました<unk> (* ́∀<unk> )ノ <unk> 昨日の土曜日は 子供の夏休みの宿題(自由研究)を 私が代わりにやろう!って 仕事が... お久しぶりです~<unk> (* ́∀<unk> )ノ 先週,94,2023-03-19 02:01:52,2023-03-19 02:01:52
昨日は久しぶりに友達に会いました。,,5,2023-03-19 02:02:08,2023-03-19 02:02:08
最近、運動を始めてから体調が良くなりました。,今日からダイエットを始めようかな・・・。という方々に朗報です!! でも、運動が苦手な私としては体に無理なく続ける方法をみつけたいと思います。 さて、ダイエットをしている中で、何か目標を決めると途端にやる気がでますが ですから、この方法が一番,80,2023-03-19 02:02:18,2023-03-19 02:02:18
プログラミングは将来的に必要なスキルだと思う,・・・プログラミングは将来必要だとは思うが、それがプログラミング教育なのか? そうですか、確かに、子供の頃から親がプログラミングについて教えるからプログラミングはやらないという子供もいるかもしれませんね。 確かに、小学生の皆さんの中には、ま,70,2023-03-19 02:02:33,2023-03-19 02:02:33
最近、友達とスポーツをすることが楽しいです。, 先週末に、 久しぶりに友人らとの旅行を 楽しみました! それも、 海外の リゾート地へ行き、 テニス... 先週、 友達と 友達の誕生日祝いをしていまし<unk>友達は、 最近、 海外旅行が多く、 とても 楽しそうです。 私は、 海外に行,7,2023-03-19 02:02:49,2023-03-19 02:02:49
最近、自分自身ができることを少しずつでも実行することが大切だと感じます。,最近私は、以前一緒に働いていた会社の先輩方と久々に大東市のお宅を回っていた。久々の再会にお互い胸が熱くなり、涙が出そうになった。こんなふうに仕事を通して、いろんな方と会い、話させてもらうことこそ、私の夢だ・・。と改めて気が付いた。私にとって,44,2023-03-19 02:03:04,2023-03-19 02:03:04
最近、新しい出会いがあって嬉しいです。,私自身、出会いが少なかったので、いろいろな方がいれば、と思い登録してみました。 よろしくお願いします。 素敵な方と出会いたいと思って登録しました^ ^ 宜しくお願いします! 性格は明るいほうだと思います(^^) あとは一緒に楽しめる人に出会,11,2023-03-19 02:03:19,2023-03-19 02:03:19
最近、自分自身を見つめ直すことが大切だと感じています。,自分に自信を持って生きている人は、周りの人からも評価され幸福感に満たされます。 「自分の人生を生きるために必要な心構え」「価値観の確認」「自己管理」など、自分のことに関して何でも自分で決めることができるようになるため、このセミナーは、とても,72,2023-03-19 02:03:35,2023-03-19 02:03:35
芸術作品の鑑賞は人間の感性を高める,アートに夢中になるには? 美術館に行くと、何時間も掛けて作品を見て、気付いたら30分以上いることもあるだろう。そう、人間はその瞬間に自分がどれだけ芸術作品に夢中かによって、見る角度が随分異なる。 芸術作品は鑑賞することで何を得ることができる,93,2023-03-19 02:03:50,2023-03-19 02:03:50
最近、映画をよく観るようになりました。,私のような一般大衆は映画には疎く、映画館にいくなんてことはありませんが、映画サンライズのオープニングセレモニーのビデオを観たことがあります。 あれはすごく壮大でしたね。私はその時に、初めて感動したのです。映画はすごい。 テレビも、テレビゲー,92,2023-03-19 02:04:05,2023-03-19 02:04:05
最近、自分自身が思い描く未来に向けて、一歩ずつ進んでいる感覚があります。,今までも色んな方とのお拝見を通して、様々なことを感じとってきました。 今日は自分が気づかないことで気づき、それを発信することで自分を知っていきたいと思っています。 今日はまず私から1つ1つ皆さんに伝えたいことを聞いていきたいと思います。 人,43,2023-03-19 02:04:21,2023-03-19 02:04:21
最近、読書が趣味になってきました。,といっても、私は読書が大好きなのではなく、何かを読もうとするときの指針になっているのが、同じ本の文章を読みまくり、何度も何度も読んで理解するという行為です。 読書は、知識や勉強になるだけでなく、単純にいい気分になれたり、気を紛らわせることの,56,2023-03-19 02:04:38,2023-03-19 02:04:38
この間、映画を観て泣いてしまいました。,昔の日本人、何があったのだろう? きっと心優しい人だったのでしょうね。 私も今年、映画「海猿」をみましたが感動しました。 素晴らしい作品でした。感動しました。 私も大好きな映画です。(^-^)/ 今日も、テレビをつけて映画「海猿」をみて泣い,77,2023-03-19 02:04:54,2023-03-19 02:04:54
最近、自分自身が本当にやりたいことを見つけることが大切だと感じます。,昨日は、やりたいことを叶えるために、私が実際にやった7つのことについてお話したいと思います。 そもそも、こんなにやりたいと思うことを見つけること自体が奇跡に近いのです。 自分の人生を大きく変えたいと感じている方には、ぜひ読んでいただきたいで,61,2023-03-19 02:05:09,2023-03-19 02:05:09
最近、友達とスポーツをすることが楽しいです。,なので、スポーツの好きな人と付き合うようになりました。 その子とは、高校から一緒なので、スポーツの好きな人はとてもいいなと思いました。 私は、自分の好きなスポーツなら、その人の好きな選手の名前を言います。 自分で考えて名前を付けてくれるのは,67,2023-03-19 02:05:24,2023-03-19 02:05:24
この間、面白いテレビ番組を見ました。,私は、まだお会いしたことがなく、お店でお会いした事があります。 昨年、当店が2周年を迎えました。それを記念して、2周年フェアを開催いたします。 フェア期間中、期間中に『エヴァンゲリオン新商品』をお買い上げになられたお客様へ 期間中、期間中に,26,2023-03-19 02:05:40,2023-03-19 02:05:40
最近、運動を始めてから体調が良くなりました。,私は、仕事柄人前に出たりする事が多いのですが、いつも気を張ってから歩いているせいか、足がしびれて、少し辛いときがあります。 人前に出て足がしびれたら、まずは「足す」ことが大切だそうです! と、足すように努力されている方も少なくないはずです。,22,2023-03-19 02:05:56,2023-03-19 02:05:56
芸術作品の鑑賞は人間の感性を高める,美大には美術学科があり、芸術の鑑賞を通して人間性を高め、芸術の素養を身につけます。 芸術作品を鑑賞するときの心がけや注意点などについて学習します。 美しい風景を鑑賞するときのマナーや言葉の伝え方について学習します。 芸術作品の鑑賞は人間の感,92,2023-03-19 02:06:12,2023-03-19 02:06:12
最近、自分自身を認めることが大切だと感じます。,まだまだ足りないことが多いのですが、今までよりは少し楽に生きれるのではと思い始めています。 自分の価値って、何だろうと考えていた時に出てきました。 自己価値感が高いと、何をするにしてもモチベーションが上がります。 自分に向き合える時間は多い,48,2023-03-19 02:06:27,2023-03-19 02:06:27
今日はお気に入りの本を読んで過ごしました。,最近、また本を読むようになった。 今までは本についてあれこれ考えるのをやめていた。 でも今日は本で好きなことを考えるようになった。 今日は、自分が読んだことで一番良かったことの1つを紹介します。 僕は最近、小説を読んでいます。 最近は小説が,82,2023-03-19 02:06:43,2023-03-19 02:06:43
この間、自分自身が持っている価値を改めて実感しました。,それが、お客様を豊かにし、共に働く仲間を幸せにするのだと思いました。 自分が大切にしている価値観に気づき、それがお客様にも喜んでもらえ、価値ある仕事だと思い、 どんな些細な出来事でも、自分の考えをしっかりと持ち、発信しなければ、 お客様が満,72,2023-03-19 02:06:58,2023-03-19 02:06:58
脳とコンピュータを融合する技術が発展すると、人間の能力は無限に拡大する,と、いっているが、実際にはそんな魔法のソフトなんてないし、人間の脳は進化してないでしょーっ。 人間の脳は進化していないから、その限界を超えられるほど知能も進化しているわけでもなさそうだけど、 パソコン、スマホは人間が使うよりよっぽど脳を使う,98,2023-03-19 02:07:13,2023-03-19 02:07:13
最近、自分自身の大切な人に感謝することを忘れずにいたいです。,最近ブログを書き始めたのですが、書き方がわからなくて、コメントが返さないままに さて、最近自分が思ったことや自分の考えは、ブログを読めば分かると思っていると さて、ブログ、今日は久しぶりに読者の方からの感想が届いて、すごく嬉しかったです。 ,64,2023-03-19 02:07:28,2023-03-19 02:07:28
最近、自分自身の強みを見つけることが大切だと思います。,自分は、強みがたくさんあるという人は、その強みを生かしながらうまくやっている人が多い。 私は、自分には、得意なことや好きなことや思い入れのないことがたくさんあると思っています。 自分の強みを見出すことができたら、それを活かす道を選んでいけば,33,2023-03-19 02:07:43,2023-03-19 02:07:43
最近、自分自身ができることを少しずつでも実行することが大切だと感じます。,・「好きなこと」を活かして収入を上げれるように努力したい。 ・自分に合った仕事と出合い、好きなことを生かせる環境に転職できたら良いな。 ・お客様のライフスタイルや生活に少しだけ寄り添えることができるようになりたい。 皆さんには「やりたいこと,2,2023-03-19 02:07:58,2023-03-19 02:07:58
音楽は人間にとって欠かせないものだと思う,僕には僕なりのやり方があって、それを少し変えることで人の役に立てる そんな素晴らしい音楽がある それが僕の生き甲斐 そんなことを感じて 生きていても大問題で 僕はそれなりに幸せだと思う みんなに愛されて生きられてよかった 何十年もしこりとし,56,2023-03-19 02:08:12,2023-03-19 02:08:12
この間、映画を観て泣いてしまいました。,あの映画館は、初めて訪れたのにもう大好きになってました。 私も映画が大好きで すごく感動しました。 映画や写真が大好きです。 私は、今、映画やドラマのdvdレンタルをし軟禁状態に なっています。 それは、私に合う音楽が見つけられなかったので,38,2023-03-19 02:08:28,2023-03-19 02:08:28
最近、自分自身ができることを少しずつでも実行することが大切だと感じます。,私個人としては、今の時代、何か大きなことをするのにお金はかかりません。 もし今、何らかの方法で収入を得られているのであれば、それを最大限に生かすことが大切です。 これって、昔、この本を読んだときに思いつく方法でした(^^ゞ。 当時私は、将来,4,2023-03-19 02:08:44,2023-03-19 02:08:44
最近、自分自身の時間を大切にしています。,ブログの記事を書いている時間をどうやったら増やしていけるか? それを考えていると色んなアイディアが浮んできてしまうんですが。 でもその分、自分がブログを続けるための時間が出来ていく気がします。 本屋さんに行くのが辛いです。ネットの本屋さん行,37,2023-03-19 02:08:58,2023-03-19 02:08:58
最近、自分自身に素直になることが大切だと思います。,自分自身が、やりたいこと、したいことが見つかり、自分に夢が見つかれば、人生はとても幸せになるんじゃないかな?って思います^^ 私も20歳の時、ある人に「どうしたらいいんだろう?」って聞いてました。 それで、自分は大丈夫、私は成功する!という,99,2023-03-19 02:09:14,2023-03-19 02:09:14
新しいスマートフォンが発売されたら、すぐに買いたくなる,iphone、android、android iphoneと、それぞれの特徴を知っておけば、選びやすいですよね。 どの端末を持っていけばよいか悩んだ人は、機種のスペックに目を光らせましょう。 ドコモ、au、ソフトバンクの特徴や機能を紹介して,17,2023-03-19 02:09:29,2023-03-19 02:09:29
最近、自分自身が本当にやりたいことを見つけることが大切だと感じます。,自分のやりたいことを見つけるために努力をし続けることで、自分が何がしたいのか、それを見つけてくれる人のそばで、自分が何をしていきたいのか、という答えが見つかります。 そして、自分の求めている自分を見つけるために、たくさんの本から自分の内面に,70,2023-03-19 02:09:45,2023-03-19 02:09:45
最近、自分自身ができることを少しずつでも実行することが大切だと感じます。,昨日は、仕事が多忙だったために、あまりブログは書くことができませんでした。 今回のブログでは、自分の気持ちをちょっとだけ書いてみようと思います。 毎日毎日、仕事を頑張っているのに、心が満たされない。もっと自分の価値を高めたい。 仕事は、もち,73,2023-03-19 02:09:59,2023-03-19 02:09:59
最近、自分自身が本当にやりたいことを見つけることが大切だと思います。,私の場合、子供の頃から興味を持っていたことの中で、一番好きなことで何かをしてみよう、と思い、そこから本格的に仕事をはじめました。 仕事をはじめた当時はまだ自分のやりたいことがあって、仕事で成功するためにどうしたら良いのかわからない状態でした,27,2023-03-19 02:10:15,2023-03-19 02:10:15
今日は美味しい料理を作って、自分自身を褒めました。,今日は久しぶりに、お友だちやお父さんに美味しそうな料理を作ってお客様をお迎えしました。 私、お店が開くと、ついこの前まで働いていたお店の近くを何往復もしてるんですよ。 お客様に美味しく召し上がっていただきたい!との気持ちが、いつもお店にしっ,5,2023-03-19 02:10:30,2023-03-19 02:10:30
最近、自分自身が本当にやりたいことを見つけることが大切だと感じます。,今までも自分のやりたいことって分からなくて探したり、見失ったりしていたんですよね。 私は大学生の頃、やりたいことがなくて見つからないような時よく図書館に行っていました。 私の場合、自分がなんなのか分からないのに、調べても「あれは結局はなにな,41,2023-03-19 02:10:47,2023-03-19 02:10:47
脳とコンピュータを融合する技術が発展すると、人間の能力は無限に拡大する,人間は、脳とネットワークを使って、脳の機能を無限に拡張することができる 人工知能が普及したことによって、人間は、人間の進化の限界を克服することができる だから、私たちは、人類の進化が、どのように人間を進化させたかを探る必要がある 人工知能が,76,2023-03-19 02:11:02,2023-03-19 02:11:02
この間、美味しいコーヒーを飲みました。,今回はちょっと違いますが、前回はコーヒーの焙煎機を買って、焙煎という作業を体験! さて、コーヒー豆の焙煎ですが、これもいろいろな方法があるのですが、一般的に、 というイメージですがその焙煎作業は実は「超簡単な作業」なのです。 これを読んで、,56,2023-03-19 02:11:17,2023-03-19 02:11:17
最近、畑を始めたんだけど、自分で作った野菜はとても美味しいんだ,でも、俺の周りの友達は、「野菜は高い」「農薬は危険なんでしょ?」と 言いますが、確かにその頃は、農薬や化学肥料に抵抗感があり、野菜を手作りしよう なっても、「手作りしたって、農薬、化学肥料じゃないと食べられないじゃん」 「じゃあ、農薬、化学,45,2023-03-19 02:11:33,2023-03-19 02:11:33
この間、映画を観て泣いてしまいました。,監督や役者の方達も、お父さんやお母さんのお顔を思い出して泣いてらっしゃるように思いました。 でも、そんなことよりも、私が、泣いている私を、応援してくれる皆さん、私の、そしてこの映画を観て下さったあなた達のために、たくさんのパワーを、もらいま,70,2023-03-19 02:11:47,2023-03-19 02:11:47
最近、料理に挑戦することが多くなりました。,でもなかなか上手く作れないんですよね。 最近ですが、最近、料理するのが一番楽しいですな。 例えば、私は料理が好きなんですね。 私のおススメは塩麹と生姜、豚足ですね。 他にも、豆乳ロース... 最近、ちょっと料理にも挑戦してみようかなと思い立,2,2023-03-19 02:12:03,2023-03-19 02:12:03
この間、好きな音楽を聴きながら料理をしていました。,ちょうど食に気を使いだし、仕事や家事など、気を使うことが多くなりました。 好きな音楽を聴きながら食べたり飲んだりしていたのですが、特にダイエットをしているわけでもなかったし、好きな音楽を流しながら料理をするということはしませんでした。 何と,82,2023-03-19 02:12:18,2023-03-19 02:12:18
今日は思わず笑ってしまう出来事がありました。,今日は、今まで私が何冊目の本を読んできて、これまで読んできた中で一番嬉しかった本と... 今日は、ちょっとしたお話でもしようかなと思います。 私の人生の師の一人でもある 、本田裕介さんの本から抜粋します。 あなたは何のために生きていきたいで,66,2023-03-19 02:12:34,2023-03-19 02:12:34
最近、自分自身が思い描く未来に向けて、一歩ずつ進んでいる感覚があります。,なので、ここしばらくは、いつも「何のために」「何かを達成するために」ということを意識しながら時間を過ごしていたのかもしれません。 で、自分が何を達成できそうなのか?どうしたいのか?考えを整理して今年に入ってみました。 3月末から、ある方のカ,39,2023-03-19 02:12:49,2023-03-19 02:12:49
この間、美味しいスイーツを食べました。,と、思えるくらいに美味しかったのですが、このお店は、もう何度も行ってるにも関わらず、今回はいつもに増して美味しかったです。 美味しいケーキが作れるシェフになりたいなーなんて言いながら、私は甘いケーキが、大好き。 あー、、 私ももっと頑張らな,94,2023-03-19 02:13:04,2023-03-19 02:13:04
最近、自分自身ができることを少しずつでも実行することが大切だと感じます。,私自身もブログをやる前より、今では「ああしないといけない、これをやらないといけない」を自然とやらなくなってしまい、自然消滅してしまっていることは結構たくさんあります。 もちろん、私は「やりたいことを増やすのって難しい」ということを知りつつ、,88,2023-03-19 02:13:19,2023-03-19 02:13:19
昔は、道具を自分で作ることが当たり前だった,というような 私にとって、今回の作業は、道具を使わすだけで、なんでも作れたような気がしますけどねぇ。 何十年ぶりかに、これを使って、作りました。初めてでしたけど伍だと思ってお 昨晩は遅く、遅い時間に帰宅したので、作れたては食べず、夜が明けた,95,2023-03-19 02:13:34,2023-03-19 02:13:34
最近、読書が趣味になってきました。,小説は、まだ読んだ事がありませんが、ドラマや映画などを見ているうちに、だんだん面白くなってきました。 最近、朝活を始めました。朝の過ごし方も意識するようになったので、これからさらに朝活が楽しくなりそうです! 朝活を始めようと思ったきっかけは,21,2023-03-19 02:13:49,2023-03-19 02:13:49
この間、友達とおしゃべりしていたら時間があっという間に過ぎました。,ちょっとしたことですが、お互いの気持ちが通じ合っていると思います。 1月から2月という1年の中で一番忙しい時期で、なかなかブログをいじったりpcに向かって作業をすることができずにいたのですが、そろそろこの状況を変えていこうと考えています。 ,37,2023-03-19 02:14:05,2023-03-19 02:14:05
最近、自分自身の時間を大切にしています。,昔は、毎日が平日でしたから。 今は、週末に少し多目に、平日よりもちょっと多めに、とメリハリをつけています。 そう、今がもっともっと自分らしくいられる時間だと実感する毎日なんです。 以前、お客さまに「人生を、ワクワクさせてくれることは何ですか,100,2023-03-19 02:14:20,2023-03-19 02:14:20
今日は自分自身にご褒美をあげて、過ごしました。,ブログ書きはじめてから3日ぐらい経つのにもう1記事書く余裕がなくなっています。 今回はブログのネタになるかわからない雑記の感想ブログですが、読んでくださりありがとうございました。 今日の感想ブログ、最初は、ブログのタイトルにこんなこと言うの,83,2023-03-19 02:14:36,2023-03-19 02:14:36
この間、自分自身が持っている才能に気づくことができました。,自分のことよりもっと広い視野をもつために、まずは自分と向き合うことからスタートしたいと思います。 2回目の開催となる今回は、過去世からのお話と、人生の転機となった出来事をお伝えします。 昨日、3回目の開催となる前回の参加者であるy.yさんの,99,2023-03-19 02:16:25,2023-03-19 02:16:25
今日は運動をして気分をリフレッシュしました。,,40,2023-03-19 02:16:44,2023-03-19 02:16:44
最近、自分自身を認めることが大切だと感じます。,人は誰しも、心のどこかの心で、自分が大好きであると感じることはあるように思います。 特に、私にとっては、自分、そして子どもの将来を守るために自分自身の心の健康を保つことは非常に大切なことだったので、このコラムを読み、とても勇気づけられました,56,2023-03-19 02:16:54,2023-03-19 02:16:54
自己啓発書を読むと心が豊かになる気がする,,7,2023-03-19 02:17:11,2023-03-19 02:17:11
最近、読書が趣味になってきました。,もちろん書籍でも、ネットでも買っていますが。 ですが、その本を読み続けていると、 だんだん内容が薄くなってきて、気がついてみれば、読解力がついてきて、読みにくい本が出てきた、... 今まで、お付き合いいただいているお客様に、ご質問いただいて,89,2023-03-19 02:17:23,2023-03-19 02:17:23
昨日は久しぶりに好きな料理を作ってみました。,私は料理上手ではないけれど、お料理上手な人にお料理を教わるようなことはしません。 なぜなら、料理を上手に作っている人を尊敬しているからです。 私は自分も料理を一生懸命勉強して一生懸命勉強してきたつもりです。 でも、それは私が料理に凝りだして,64,2023-03-19 02:17:39,2023-03-19 02:17:39
今日はお祭りに行ってきました。,場所は小金井公園でお店のお祭りです。 明日は夏だか祭りだかで、 明日も雨みたいなのでちょっと心配です (;'∀') これなんかどうかなぁ? 今日は朝から冷たい風が吹き、 時折雨が降っていましたね。 今日は晴れて暑いので雨があかず すごく気持,42,2023-03-19 02:17:55,2023-03-19 02:17:55
芸術作品の鑑賞は人間の感性を高める,。 人間は、ある事柄やモノに反応し、感動したり、感動したりする、そしてその体験から何かを学び、新しい発見をするのが大好きだ。 人の心に映った絵、音楽、書物、音楽、、 私は、そのすべてに感動することができるでしょう。 何とも、感動的ですね♪ ,41,2023-03-19 02:18:11,2023-03-19 02:18:11
この間、面白い本を読みました。,本書の中で紹介されている「無垢な少女の夢の書」という、 物語の中での魔法というと、ファンタジー系作品が多いですが、この本では、 夢を叶えるために必死になって努力し、周囲の大人には夢や願いを 言葉にできないものかと頭を悩ませる女性の物語である,63,2023-03-19 02:18:26,2023-03-19 02:18:26
今日は美味しい料理を作って、自分自身を褒めました。, 今日は天気がよく、朝からお肌がツルツル!気持ちがいいですね( ́<unk>) 皆さんは、どうお過ごしでしょうか。 皆様にとって、「晴れた」と思える日がありますように...! 夏にむけての紫外線対策に効果が期待できる紫外線ガードのご使用をご,79,2023-03-19 02:18:42,2023-03-19 02:18:42
最近、忙しくてなかなか休めない。,体力・気力に自信がない。 そんなあなた、まずは、電話・ホームページのメール・ラインでお話をお聞き致します。 あなたとわたしが、あなたのご来店の「希望日時・コース」をお伝えします。 メール・lineなどは、写真1枚、簡単なプロフィールを載せて,42,2023-03-19 02:18:58,2023-03-19 02:18:58
最近、自分自身の弱みを認めることが自分自身を成長させるきっかけになると感じます。,です。 自分の弱みを棚卸している人は多いですが、自分はまだまだだということに気づき、気づいてもらうことが成長への近道かもしれません。 自分の弱さを受け入れ、それが全てではないということを理解したうえで、新たな挑戦やチャレンジしてみてください,47,2023-03-19 02:19:13,2023-03-19 02:19:13
最近、自分自身が持っている弱みを克服することができました。,今回は私が個人的に考えた、弱みを克服する3つの方法についてお話をしたいと思います。 あなたは、強みをお持ちの「成功者」と、「ダメな人」の違いをご存知でしょうか? もちろん、それは決して褒められた話ではなく、自分ではわからない、というところが,14,2023-03-19 02:19:28,2023-03-19 02:19:28
今日は運動をして気分をリフレッシュしました。,今日から12月ですね。 冬ですね。 私は今年も師走にな... 今年最後のトレーニングトレーニングがやってきました 今シーズンも終わりが近づいてきました... 今日も暑かったですね。 私は日焼け止めを塗ってもなかなか焼けてしまいます。 日差し,54,2023-03-19 02:19:43,2023-03-19 02:19:43
最近、糖質制限ダイエットをしているんだけど効果があるよ,体重が元に戻ってしまわないうちに、体重計に乗る頻度を増やしてみる。 そこで、自分の体重がどうなっているのか?そして効果は何ミリなの? 自分の体重を計ったことがない人は、すぐに測れるのであれば、まずは体重計にのって、どこに体重がいくのかを知ろ,64,2023-03-19 02:19:59,2023-03-19 02:19:59
今日は早起きしてスッキリしました。,今日は午前中はお天気がよかったので洗濯をし、ちょっと仕事に出かけちゃって午後2時頃に帰ってきました。昨日は天気も良くベランダに出ては洗濯物を取り込んで、ベランダの外に出して。昨日の陽射しで温かそうなテラスに出れば気分も爽快。 さて、今のとこ,73,2023-03-19 02:20:14,2023-03-19 02:20:14
昨日は自分自身に課した目標に向けて頑張りました。,,51,2023-03-19 02:20:30,2023-03-19 02:20:30
この間、美味しいスイーツを食べました。,私の知人が3ヶ月に1回行っている、某有名店で、大好きな「生ハムとチーズのトマトクリーム」を頼みました。 私は、先月誕生日だったのですが、お祝いしてくれました。 私の大好きなデザートの一つです。 ここ数日、暑い日が続いていますが、皆さまお元気,12,2023-03-19 02:20:33,2023-03-19 02:20:33
今日は自分自身にご褒美をあげて、過ごしました。,自分磨きをする時間を作り、その時間をより楽しむ方法を模索するといいですね。 今日も、お読みくださってありがとうございます。心を込めて、お届けします。 今日は、「目標・目標」や「夢」をどのようにして達成するのか? さて、目標や目標が達成出来て,91,2023-03-19 02:20:49,2023-03-19 02:20:49
昨日は長い時間眠ってしまいました。,午後からは用事があるので、午後になってようやく寝室から出れる状態になりました。 私は、昨年11月、10歳の長男が脊髄小脳変性症と診断されました。 私自身の病気について、あまり情報がなかったことと、まだ20代前半という若さからか、診断されるま,55,2023-03-19 02:21:04,2023-03-19 02:21:04
音楽は人間にとって欠かせないものだと思う,1日1日を大切に生きることの大切さは1年前の僕はすごくわかっていたし 今は分かってても それが本当に大切?と思うかもしれない を誇りに思いたいと思った それが 1stシングルの「あなたの笑顔がほしい」だった この曲で 自分を表現できるって ,100,2023-03-19 02:21:20,2023-03-19 02:21:20
最近、新しいことに挑戦することが楽しいです。,自分で考えて、自分の言葉で伝えるってやっぱり重要だと思ったので今回はブログを書くことにしました! 今回のブログを書くきっかけになった人は、私のことを好きになってくれた人なんですかね? いや、別に、ブログを書き始めたのは、自分のことを好きにな,99,2023-03-19 02:21:36,2023-03-19 02:21:36
最近、新しい趣味を始めたんだけど、意外と楽しいんだ,でも、そのお金がもったいないということから、私はこの趣味にかなりハマっているのよね。だからこそ私がこのブログで、いろいろなお金の増やし方を紹介していくので、興味を持ってくれたら嬉しいの。 さて、このブログでお金を稼ぐということは、どのような,20,2023-03-19 02:21:52,2023-03-19 02:21:52
最近、新しい趣味を始めたんだけど、意外と楽しいんだ,何かが弾けたら、その度に、心の中で「あの時、弾けたなぁ」と 感じますね。 でも、その「あの時の自分の気持ち」「懐かしい思い出」 に、弾けてしまうことはあるんですよね ^^ ギターの練習を始めた時に、弾くのは楽しかったのに、途中でつまらなくな,54,2023-03-19 02:22:07,2023-03-19 02:22:07
昨日はお友達とおしゃべりして楽しい時間を過ごしました。, 来年、おうちにお泊まりが出来るくらいになれば良いなと思います。 毎日おうちでまったりさせてあげたいなって思うのですが、難しいですね。 まずは、2週間お休みしてご飯食べないからダイエットして、また頑張りまーす( <unk> <unk>)b ,7,2023-03-19 02:22:22,2023-03-19 02:22:22
最近、誰かを助けることが自分自身の成長につながると感じます。,私はいつも多くの人から刺激とパワーをもらっていますが、今回もその一つというわけです。 私は普段からよく瞑想をしているので、特に「自分にとって本当に必要なメッセージ」を気がつくことができるようになりました。 今回は「自分を幸せにする」をテーマ,31,2023-03-19 02:22:37,2023-03-19 02:22:37
今日はお散歩して気持ちをリフレッシュしました。, 1日頑張りました! お腹の調子も良くなってきましたぁ(^o^)/ 先週の日曜日、今日はお友達とママ友の3人とでお弁当持って出かけました。 お天気がいいので、公園でバーベキュー(*^o^*) バーベキューと言ってもテントの中で。 今回もお友,71,2023-03-19 02:22:52,2023-03-19 02:22:52
今日はおいしいスイーツを食べて、心がほっこりしました。,,25,2023-03-19 02:23:08,2023-03-19 02:23:08
最近、自分自身が思っていた以上に強かったことに気づけました。,人生は自分のためにあるのではなく、誰かのためにあるものです。 自分自身への言葉はとても大切です。ただ、あまり多くを語りすぎると、自分の考えが定まらなくなる恐れがあります。自分の本音を見極めて、自分の言葉で自分の人生を歩み始めましょう。「自分,63,2023-03-19 02:23:21,2023-03-19 02:23:21
今日はおいしいランチを食べました。,前回はカサノバで。 これは私の大好きな ジェラード でした。... 昨日は久しぶりにお洒落なフレンチに行ってきました♪ お洒落なお店です! 1階にお店がありますが、奥のバーはバーカウンターもあるんでしょ... 今日はパブで食べたいものを買い,50,2023-03-19 02:23:36,2023-03-19 02:23:36
この間、友達とおしゃべりしていたら時間があっという間に過ぎました。,そういえば、私のブログにも書いておいてくれたんだよね。私は忘れてたんだよね。 私は、このブログを書いてて何十回目かのようです。「はははっ(笑)」っていうことばっかり言ってるので、つい笑ってしまいましたよ。おはぎがたくさん出たのにね。 今日の,11,2023-03-19 02:23:51,2023-03-19 02:23:51
昨日はひとりで映画を観に行きました。,というか、映画そのものは映画館に行くまで存じ上げませんでした。 そもそも映画館は行ったことがないので、 今回は「はじめての映画体験」ということで映画を観るのが目的で、 とりあえずは... 【このレビューの続きを見る】 ★★★★☆☆ とにかく,90,2023-03-19 02:24:06,2023-03-19 02:24:06
人間はなぜ笑うのか？その理由を解明するための研究が進んでいる,脳生理学をつかって、この研究を行っている神経科学の権威が、脳の機能に影響を与える物質を、様々な物質の混合体にたとえて研究しているが、その結果、脳の機能に影響を与える物質に、心情が深く関わっていることを初めて明らかにした。 研究では、笑うこと,33,2023-03-19 02:24:21,2023-03-19 02:24:21
最近、環境問題について考えることが多い,,93,2023-03-19 02:24:36,2023-03-19 02:24:36
昨日は自分自身に与えられたチャンスを活かすために頑張りました。,今日はそれを更に生かした1日を過ごしました。いつもの様にブログの更新をしようかと考えていたのですが、なぜかブログを見るのが日課になっていて、気がついたら1週間以上ブログを更新していませんでした。 というわけで今日は昨日(8月11~12日)の,70,2023-03-19 02:24:39,2023-03-19 02:24:39
この間、大好きなアーティストのライブに行きました。,友達に誘われ、初めて行きました。ライブ内容は、私が今、頑張っている事や これからやっていく事への不安な所など、いろいろ教えてもらったりもした為、 このライブ、行く前は、本当に、無理かなー。と不安で心細かったのですが、 終わってみると、楽しい,70,2023-03-19 02:24:53,2023-03-19 02:24:53
最近、自分自身を認めることが大切だと感じます。,1)まず、自分は何ができるか?を明確にすることが大切です。 2)自分を肯定する勇気が一番大切です。なぜなら、自分を認めることで、他人を認めることができ、お互い協力することができます。 3)自分を信頼し、自分の能力を発揮すれば、他人も認めてく,92,2023-03-19 02:25:09,2023-03-19 02:25:09
この間、海に行ってきました。,海の透明度は良くなっていて、とても気持ちよく泳げて、最高でした。 今までに体験したことのないような海の世界を見る事が出来ました。 ここ数年、東京、名古屋、大阪、福岡と、全国を飛び回っています。 1週間ほど前に東京で仕事を終え、夜中に羽田へ向,99,2023-03-19 02:25:24,2023-03-19 02:25:24
最近、自分自身について考えることが多い。,少し前、私は何でもかんでも考えてきて、それを文章にアウトプットしてばかりいた。 頭の中で、どんなふうに整理したのか、覚えているか気に掛けて書き留めていた。 書き留めたいことをすぐに箇条書きにして、紙に書いて、また忘れないようにして...。 ,36,2023-03-19 02:25:41,2023-03-19 02:25:41
量子コンピュータが実用化されると世界が変わるかもしれない,量子コンピュータは量子情報の転送、データの処理、演算処理、演算の自動化などを実現する量子コンピューターである。 通常のコンピュータではコンピュータ間のデータの転送や計算といった作業が行われることが多いが、それらとは異なった処理が行われる場合,78,2023-03-19 02:25:56,2023-03-19 02:25:56
人間はなぜ夢を見るのか？その謎を解くための研究が進んでいる, ## — #toto @hawatakuya 『大人の文化勲章』 amazon で「おすすめ」を検索してみた ## — toyota @hawatakuya (@hawatakuya_hawa) 2018年8月29日 https://ww,47,2023-03-19 02:26:12,2023-03-19 02:26:12
この間、家族と一緒に過ごす時間がとても幸せでした。,家事も育児もどちらも手伝うことができたからこそ、この家族が築いた家の存在の強さと強さをとても強く感じていたからです。 家づくりの段階で、私たちの意見を尊重してくれ、いつも真剣に考えてくれるお施主さんとの出会いもありました。 自分の夢だったマ,95,2023-03-19 02:26:27,2023-03-19 02:26:27
最近、新しい趣味を始めたんだけど、意外と楽しいんだ,って言うか こんなに早く 教えてもらうと思っていなかったんだよね ちょっと 恥ずかしいことを お願いしても 良いんでしょうか? このサイトは 自分のためと 家族の事を よく話し合って 決められるってのが 一番素晴らしい事ですね^^ あ、別に,3,2023-03-19 02:26:43,2023-03-19 02:26:43
昨日は久しぶりに好きな料理を作ってみました。,写真は、いつもより多めに撮ってからアップするようにしたつもりなんですけど、今回は「とりあえずこれで!」という雰囲気でアップしましたので(^^;; ちょっとだけご飯を食べたぐらいで、何も食べていません。 いつもは「お腹すいたな〜」くらいの気分,92,2023-03-19 02:26:58,2023-03-19 02:26:58
最近、自分自身が思い描く未来に向けて、一歩ずつ進んでいる感覚があります。,まだ、実現したことはありません。というのも、実現したら、その時が楽しみなだけです。 未来の自分に向けて、一歩ずつ進んでいってほしいと思います。 さて、この先どのような未来が待っているのでしょうか?どんな未来が待っているのか楽しみですね。 あ,55,2023-03-19 02:27:13,2023-03-19 02:27:13
今日は好きな料理を作ってリラックスしました。,何色か用意したり、食材に使ったり、いろいろありますよね。 さて、私が子どもの頃は、料理は時間制でした。給食は12時までですしね。 なので、小学校低学年になると、子ども食堂なんていう施設にも行くようになったの。 あれをするとか、こうするだとか,95,2023-03-19 02:27:28,2023-03-19 02:27:28
この間、好きな場所に行って、自分自身の気持ちを整えました。,それが、今の仕事へ繋がっていると思います。 」 私が入社した時は、まだまだ新しい会社で、会社員で給料がもらえるという 待遇が良くないという印象がありました。そのため、正社員として仕事を しているのにもかかわらず、年々責任感が薄れ、ストレスが,31,2023-03-19 02:27:43,2023-03-19 02:27:43
最近、自分自身の弱みを認めることが自分自身を成長させるきっかけになると感じます。,今回は、仕事上で強みになるので、ぜひぜひ頑張ってみてほしいというテーマに焦点をあててお話させていただきます。 つまり、「私はこう考える」という自分自身のこれまでの経験を客観的に見ることができれば、仕事上の強みをさらに高めることができる。 自,76,2023-03-19 02:27:58,2023-03-19 02:27:58
今日はとても良い天気でした。,気温は24.5°Cもあって、気持ちの良い風が入り、窓のカーテンを開けると気持ちの良い風が入ります。 その窓の外で「さびる」と鳴く姿がとても美しく、またとても強い「春」が来ているんだな~と感じます。 今、日本は春の陽気ということですが、先日も,95,2023-03-19 02:28:13,2023-03-19 02:28:13
今日は運動をして気分をリフレッシュしました。,でも、今日はとても暑かった(笑)。 私は、あまりお仕事で忙しくないので、家に帰ると気晴らしに映画でも見ようかと思... 今日は、お友達とランチをして楽しくおしゃべりしました♪ お友達は、私よりもちょっとおしゃべりが上手な方なので、話していて,88,2023-03-19 02:28:29,2023-03-19 02:28:29
クジラが鳴く頻度には意味がある,,15,2023-03-19 02:28:44,2023-03-19 02:28:44
この間、海に行ってきました。,ここは北海道の端の方にあります。フェリーで片道1時間ほどで着きます。 道内旅行は、久しぶりでしたが、景色はいつもと変わらないような...。 今はまだ咲いてないですね。 最近は花が少なくて、水をあげるには暑いです... 夏に咲く梅の木。 少し,34,2023-03-19 02:28:50,2023-03-19 02:28:50
昨日は家でゆっくり過ごしました。,夕食は家族5人でステーキのランチ。 いつもなら妻はステーキとハンバーグ。 私はハンバーグ。 7人なのでみんなで食べると結構な量になります。 しかし今日は6人でステーキ。 お... 今日も朝から仕事なのですが、あまり予定がない。 なのでネット,45,2023-03-19 02:29:06,2023-03-19 02:29:06
昨日はお友達とおしゃべりして楽しい時間を過ごしました。,でも、久しぶりに来たら、お友達の旦那さまがお仕事で外出しているのですが、 旦那さまも一日中パソコンやパソコンやスマートフォンを見ているようなのですが、 今回は、1日かけてお片付けをすることで、お部屋がスッキリ!しかも綺改良型に!! 私は2つ,62,2023-03-19 02:29:22,2023-03-19 02:29:22
昔は、道具を自分で作ることが当たり前だった,自分で作ったもの、つまり道具は、その人の生活と深く結びついていたのではないでしょうか。 このことは、道具を使っての物作りという文化の歴史に表れていて、大量生産のこの文化に生き残っている人達は、そのように言われているわけですね。 そう考えると,57,2023-03-19 02:29:37,2023-03-19 02:29:37
昨日は好きな映画を見て、感動しました。,初めて見て泣くのはもう嫌だなぁと思うようになりました。 私の心情でレコーディングしたんですが、聴いてもらえたら嬉しいのですが、 歌詞が素敵すぎて、歌詞で泣くのは、やめておきます。... 続きを読む » 今日はいいお天気でしたね。 昨日は、雨,10,2023-03-19 02:29:52,2023-03-19 02:29:52
昨日は雨が降っていて気分が沈みました。,こんな日は、お部屋でくつろぎながら、本でも読みたいものですよね・・・ そこで、オススメしたいのが【本を読もう】ということです。 世の中には、数多くの映画やドラマ、小説、漫画があります。 その中には、誰もが一度は目にしたことがある名作もたくさ,48,2023-03-19 02:30:07,2023-03-19 02:30:07
この間、大好きなアーティストのライブに行きました。,"いつも見に行っているライブ会場に行くと ""大好きなアーティストは?"" と尋ねられて、誰の事を言っているのか分からず、ずっと質問が返ってこない。「誰だろ??」と、いつも以上に気にしてしまう。 誰かを好きになるときは、好きな人の事を一番に考えな",69,2023-03-19 02:30:24,2023-03-19 02:30:24
今日は好きな料理を作ってリラックスしました。,明日は少し仕事がありますが、 明後日は休みです。 でも明日、料理はしていませんね。(笑) 明日は今日のように暑くないので頑張れますが。 まー、好きな料理でも作らないわけにはいかないので 頑張らないといけないのですが・・・。 いやー、今日は本,33,2023-03-19 02:30:41,2023-03-19 02:30:41
最近、自分自身が本当にやりたいことを見つけることが大切だと感じます。,それが本当にやりたいことをしていると実感できる日が来るでしょう。 ですが、それは自分の努力によって得たのではなく、自分との約束を破ることが出来なかったり、それが出来ないからと悲観的に捉え、自分の殻に縛り付けてしまっていて、自ら殻を破ることが,71,2023-03-19 02:31:00,2023-03-19 02:31:00
最近、自分自身を認めることが大切だと感じます。,,70,2023-03-19 02:31:19,2023-03-19 02:31:19
今日はとても寒かったです。,先週も雪は積もっていましたが、「雪が降るなら今日で終わり」と言う感じでした。 1週間で一気に雪から解放されたせいか昨夜の外出後、2日分のご飯が残ってい... おはようございます。 昨日はとても寒かったです。 今日は冷たい雨が降っています。 ,2,2023-03-19 02:31:26,2023-03-19 02:31:26
今日はとても寒かったです。,昼間は暖かでしたが、風が無くなりました。雪の降る音は小気味いいですね。 今日は、これから忘年会で、お酒を飲んでしまう方がいるかもしれません。飲酒は、ほどほどに、お出かけの際は、運転には十分に気をつけて、運転を楽しんでください。また、帰り道の,9,2023-03-19 02:31:42,2023-03-19 02:31:42
音楽は人間にとって欠かせないものだと思う,俺もそうだが、他人には優しくなれない。 自分の為に生きて欲しい。 お前は他人の為に生きてるのか? と突っ込む。 それが本心です。 どうやっているんだ? 俺に逆らうなよ あちゃぁ こりゃー 俺の友達だよね? なんで俺がいないのか? どうでも良,72,2023-03-19 02:31:58,2023-03-19 02:31:58
最近、おしゃれに興味が出てきました。,ファッションも自分らしさを出してコーディネート出来るようになりたいです。 自分のスタイルが確立出来る様に、色々教えて下さい。 私のオススメのコーディネートも紹介してもらえたら嬉しいです。 今日はありがとうございました。 とても丁寧にご指導し,57,2023-03-19 02:32:14,2023-03-19 02:32:14
最近、自分自身ができることを少しずつでも実行することが大切だと感じます。, 自分が、お客様の立場に立った場合、自分が何を感じ取り、どこからお役に立てるのか? 今更ですが、こんなに沢山の人に支えられていることに感動しました。 まだまだお客様のお役に立つことはできませんが、そのように努力をし、さらに喜んで頂けるように,47,2023-03-19 02:32:29,2023-03-19 02:32:29
AIの発展によって、人間と機械の関係はどう変わっていくのだろうか, ― ――. r<unk> -----_..! _/ 確かに、私の友達にはとても人には見せられない姿... r<unk> ------------_.. \: :、 私の前に姿を現さなかった男――――――.......<unk>_ _ (_,78,2023-03-19 02:32:44,2023-03-19 02:32:44
昨日は体調が優れなかったのでゆっくり過ごしました。,ここは、2階席で見てて後ろで何回も拍手してる人もいて「なんだかんだ言って良かったんだな〜〜」と安心しました。 今日は、朝から大雨だったのですが・・午後からは時々晴れ間も出ました。 でも、私1人だとどこまでも続いてしまうのでお散歩も終わりでし,45,2023-03-19 02:32:59,2023-03-19 02:32:59
最近、自分自身を褒めることが大切だと思います。,自信がなければ、他人に頼ることができるはずがありませんから。 というのも、「他人はあなたを助けてくれる」と思ってるからです。 なので、例えば、人を見ていると、その人が褒めてくる人をたくさん見かけます。 何かを人にあげるということは常に考える,43,2023-03-19 02:33:15,2023-03-19 02:33:15
最近、新しいことに挑戦することが楽しいです。,,78,2023-03-19 02:33:30,2023-03-19 02:33:30
昨日は思いがけない出来事がありました。,昨日は突然実家で停電になりました。 私が実家に帰る時に停電したわけではないので、お客さんが来ているわけでもなかったのですが、我が家の電化製品はショートしたままで全く作動しなくなりました。 母は電気ストーブで温めて電気ストーブを付けようとして,52,2023-03-19 02:33:36,2023-03-19 02:33:36
最近、自分自身に素直になることが大切だと思います。,,50,2023-03-19 02:33:51,2023-03-19 02:33:51
最近、新しい趣味を始めたんだけど、意外と楽しいんだ,最近、新しい趣味を始めたんだけれど、意外と楽しいんだ 最近、新しい趣味を始めたんだけど、意外と楽しいんだ。 俺は車が好きでよく運転してます。ただ、たまに遠出するときは電動自転車で出かけます。 最近、仕事が忙しくてちょっと疲れ気味なんですよね,80,2023-03-19 02:33:55,2023-03-19 02:33:55
