David Hoover,password,David.Hoover@gmail.com,My name is David Hoover and I enjoy cooking.,2023-03-18 06:03:01,2023-03-18 06:03:01
Ashley Vega,password,Ashley.Vega@gmail.com,My name is Ashley Vega and I enjoy listening to music.,2023-03-18 06:03:01,2023-03-18 06:03:01
Joseph Ruiz,password,Joseph.Ruiz@gmail.com,My name is Joseph Ruiz and I enjoy watching movies.,2023-03-18 06:03:01,2023-03-18 06:03:01
Laura Tran,password,Laura.Tran@gmail.com,My name is Laura Tran and I enjoy listening to music.,2023-03-18 06:03:01,2023-03-18 06:03:01
Stephanie Rodriguez,password,Stephanie.Rodriguez@gmail.com,My name is Stephanie Rodriguez and I enjoy writing.,2023-03-18 06:03:01,2023-03-18 06:03:01
Brian Salinas,password,Brian.Salinas@gmail.com,My name is Brian Salinas and I enjoy listening to music.,2023-03-18 06:03:01,2023-03-18 06:03:01
Vanessa King,password,Vanessa.King@gmail.com,My name is Vanessa King and I enjoy drawing.,2023-03-18 06:03:01,2023-03-18 06:03:01
Donald Curtis,password,Donald.Curtis@gmail.com,My name is Donald Curtis and I enjoy drawing.,2023-03-18 06:03:01,2023-03-18 06:03:01
Nicholas Barnes,password,Nicholas.Barnes@gmail.com,My name is Nicholas Barnes and I enjoy drawing.,2023-03-18 06:03:01,2023-03-18 06:03:01
Beth Russell,password,Beth.Russell@gmail.com,My name is Beth Russell and I enjoy playing sports.,2023-03-18 06:03:01,2023-03-18 06:03:01
Laura Rodriguez,password,Laura.Rodriguez@gmail.com,My name is Laura Rodriguez and I enjoy playing sports.,2023-03-18 06:03:01,2023-03-18 06:03:01
Daniel Trujillo,password,Daniel.Trujillo@gmail.com,My name is Daniel Trujillo and I enjoy reading.,2023-03-18 06:03:01,2023-03-18 06:03:01
Brenda Tate,password,Brenda.Tate@gmail.com,My name is Brenda Tate and I enjoy cooking.,2023-03-18 06:03:01,2023-03-18 06:03:01
Cynthia Calderon,password,Cynthia.Calderon@gmail.com,My name is Cynthia Calderon and I enjoy cooking.,2023-03-18 06:03:01,2023-03-18 06:03:01
Margaret Yates,password,Margaret.Yates@gmail.com,My name is Margaret Yates and I enjoy playing sports.,2023-03-18 06:03:01,2023-03-18 06:03:01
James Smith,password,James.Smith@gmail.com,My name is James Smith and I enjoy listening to music.,2023-03-18 06:03:01,2023-03-18 06:03:01
Alexis Rodriguez,password,Alexis.Rodriguez@gmail.com,My name is Alexis Rodriguez and I enjoy listening to music.,2023-03-18 06:03:01,2023-03-18 06:03:01
Randy Potts,password,Randy.Potts@gmail.com,My name is Randy Potts and I enjoy traveling.,2023-03-18 06:03:01,2023-03-18 06:03:01
Robert Watson,password,Robert.Watson@gmail.com,My name is Robert Watson and I enjoy writing.,2023-03-18 06:03:01,2023-03-18 06:03:01
Christopher Rodriguez,password,Christopher.Rodriguez@gmail.com,My name is Christopher Rodriguez and I enjoy cooking.,2023-03-18 06:03:01,2023-03-18 06:03:01
Benjamin Atkinson,password,Benjamin.Atkinson@gmail.com,My name is Benjamin Atkinson and I enjoy drawing.,2023-03-18 06:03:01,2023-03-18 06:03:01
Evan Welch,password,Evan.Welch@gmail.com,My name is Evan Welch and I enjoy traveling.,2023-03-18 06:03:01,2023-03-18 06:03:01
Alexis Snyder,password,Alexis.Snyder@gmail.com,My name is Alexis Snyder and I enjoy listening to music.,2023-03-18 06:03:01,2023-03-18 06:03:01
Victor Clark,password,Victor.Clark@gmail.com,My name is Victor Clark and I enjoy playing sports.,2023-03-18 06:03:01,2023-03-18 06:03:01
George Jacobs,password,George.Jacobs@gmail.com,My name is George Jacobs and I enjoy writing.,2023-03-18 06:03:01,2023-03-18 06:03:01
David Rogers,password,David.Rogers@gmail.com,My name is David Rogers and I enjoy cooking.,2023-03-18 06:03:01,2023-03-18 06:03:01
Mark Jackson,password,Mark.Jackson@gmail.com,My name is Mark Jackson and I enjoy drawing.,2023-03-18 06:03:01,2023-03-18 06:03:01
Mark Rodriguez,password,Mark.Rodriguez@gmail.com,My name is Mark Rodriguez and I enjoy writing.,2023-03-18 06:03:01,2023-03-18 06:03:01
Anthony Moore,password,Anthony.Moore@gmail.com,My name is Anthony Moore and I enjoy writing.,2023-03-18 06:03:01,2023-03-18 06:03:01
Charlotte Delacruz,password,Charlotte.Delacruz@gmail.com,My name is Charlotte Delacruz and I enjoy reading.,2023-03-18 06:03:01,2023-03-18 06:03:01
Mary Williamson,password,Mary.Williamson@gmail.com,My name is Mary Williamson and I enjoy watching movies.,2023-03-18 06:03:01,2023-03-18 06:03:01
Dr. Keith Christian,password,Dr..Keith.Christian@gmail.com,My name is Dr. Keith Christian and I enjoy cooking.,2023-03-18 06:03:01,2023-03-18 06:03:01
Caitlin Bates,password,Caitlin.Bates@gmail.com,My name is Caitlin Bates and I enjoy drawing.,2023-03-18 06:03:01,2023-03-18 06:03:01
Nicholas Potter,password,Nicholas.Potter@gmail.com,My name is Nicholas Potter and I enjoy watching movies.,2023-03-18 06:03:01,2023-03-18 06:03:01
David Pratt,password,David.Pratt@gmail.com,My name is David Pratt and I enjoy writing.,2023-03-18 06:03:01,2023-03-18 06:03:01
Fred Brown,password,Fred.Brown@gmail.com,My name is Fred Brown and I enjoy writing.,2023-03-18 06:03:01,2023-03-18 06:03:01
Christina Melendez,password,Christina.Melendez@gmail.com,My name is Christina Melendez and I enjoy listening to music.,2023-03-18 06:03:01,2023-03-18 06:03:01
Ashley Riggs,password,Ashley.Riggs@gmail.com,My name is Ashley Riggs and I enjoy listening to music.,2023-03-18 06:03:01,2023-03-18 06:03:01
Charles Newman,password,Charles.Newman@gmail.com,My name is Charles Newman and I enjoy playing sports.,2023-03-18 06:03:01,2023-03-18 06:03:01
Melissa Lindsey,password,Melissa.Lindsey@gmail.com,My name is Melissa Lindsey and I enjoy drawing.,2023-03-18 06:03:01,2023-03-18 06:03:01
Courtney Ochoa,password,Courtney.Ochoa@gmail.com,My name is Courtney Ochoa and I enjoy watching movies.,2023-03-18 06:03:01,2023-03-18 06:03:01
Alexander Wright,password,Alexander.Wright@gmail.com,My name is Alexander Wright and I enjoy watching movies.,2023-03-18 06:03:01,2023-03-18 06:03:01
Pamela Holden,password,Pamela.Holden@gmail.com,My name is Pamela Holden and I enjoy watching movies.,2023-03-18 06:03:01,2023-03-18 06:03:01
Laura Mendez,password,Laura.Mendez@gmail.com,My name is Laura Mendez and I enjoy drawing.,2023-03-18 06:03:01,2023-03-18 06:03:01
Amy Powell,password,Amy.Powell@gmail.com,My name is Amy Powell and I enjoy watching movies.,2023-03-18 06:03:01,2023-03-18 06:03:01
Rodney Cruz,password,Rodney.Cruz@gmail.com,My name is Rodney Cruz and I enjoy watching movies.,2023-03-18 06:03:01,2023-03-18 06:03:01
Jeffrey Vincent,password,Jeffrey.Vincent@gmail.com,My name is Jeffrey Vincent and I enjoy writing.,2023-03-18 06:03:01,2023-03-18 06:03:01
Douglas James,password,Douglas.James@gmail.com,My name is Douglas James and I enjoy watching movies.,2023-03-18 06:03:01,2023-03-18 06:03:01
David Rodgers,password,David.Rodgers@gmail.com,My name is David Rodgers and I enjoy cooking.,2023-03-18 06:03:01,2023-03-18 06:03:01
Martha Maldonado,password,Martha.Maldonado@gmail.com,My name is Martha Maldonado and I enjoy cooking.,2023-03-18 06:03:01,2023-03-18 06:03:01
Brandon Preston,password,Brandon.Preston@gmail.com,My name is Brandon Preston and I enjoy writing.,2023-03-18 06:03:01,2023-03-18 06:03:01
Joshua Hunter,password,Joshua.Hunter@gmail.com,My name is Joshua Hunter and I enjoy cooking.,2023-03-18 06:03:01,2023-03-18 06:03:01
Kimberly Hayes,password,Kimberly.Hayes@gmail.com,My name is Kimberly Hayes and I enjoy writing.,2023-03-18 06:03:01,2023-03-18 06:03:01
Jessica Wilson,password,Jessica.Wilson@gmail.com,My name is Jessica Wilson and I enjoy drawing.,2023-03-18 06:03:01,2023-03-18 06:03:01
Haley Dean,password,Haley.Dean@gmail.com,My name is Haley Dean and I enjoy traveling.,2023-03-18 06:03:01,2023-03-18 06:03:01
Megan Hall,password,Megan.Hall@gmail.com,My name is Megan Hall and I enjoy listening to music.,2023-03-18 06:03:01,2023-03-18 06:03:01
Matthew Rush,password,Matthew.Rush@gmail.com,My name is Matthew Rush and I enjoy reading.,2023-03-18 06:03:01,2023-03-18 06:03:01
Gina Conner,password,Gina.Conner@gmail.com,My name is Gina Conner and I enjoy reading.,2023-03-18 06:03:01,2023-03-18 06:03:01
Kimberly Wilson,password,Kimberly.Wilson@gmail.com,My name is Kimberly Wilson and I enjoy writing.,2023-03-18 06:03:01,2023-03-18 06:03:01
Susan Harris,password,Susan.Harris@gmail.com,My name is Susan Harris and I enjoy traveling.,2023-03-18 06:03:01,2023-03-18 06:03:01
Jose Schmidt,password,Jose.Schmidt@gmail.com,My name is Jose Schmidt and I enjoy watching movies.,2023-03-18 06:03:01,2023-03-18 06:03:01
Gregory Butler,password,Gregory.Butler@gmail.com,My name is Gregory Butler and I enjoy watching movies.,2023-03-18 06:03:01,2023-03-18 06:03:01
Susan Flores,password,Susan.Flores@gmail.com,My name is Susan Flores and I enjoy cooking.,2023-03-18 06:03:01,2023-03-18 06:03:01
Nathan Johnson,password,Nathan.Johnson@gmail.com,My name is Nathan Johnson and I enjoy reading.,2023-03-18 06:03:01,2023-03-18 06:03:01
Brian Haas,password,Brian.Haas@gmail.com,My name is Brian Haas and I enjoy reading.,2023-03-18 06:03:01,2023-03-18 06:03:01
Michael Sanders,password,Michael.Sanders@gmail.com,My name is Michael Sanders and I enjoy playing sports.,2023-03-18 06:03:01,2023-03-18 06:03:01
Kristy Taylor,password,Kristy.Taylor@gmail.com,My name is Kristy Taylor and I enjoy traveling.,2023-03-18 06:03:01,2023-03-18 06:03:01
Michael Kidd,password,Michael.Kidd@gmail.com,My name is Michael Kidd and I enjoy cooking.,2023-03-18 06:03:01,2023-03-18 06:03:01
Linda Reyes,password,Linda.Reyes@gmail.com,My name is Linda Reyes and I enjoy playing sports.,2023-03-18 06:03:01,2023-03-18 06:03:01
Jennifer Mitchell,password,Jennifer.Mitchell@gmail.com,My name is Jennifer Mitchell and I enjoy watching movies.,2023-03-18 06:03:01,2023-03-18 06:03:01
Eduardo Buchanan,password,Eduardo.Buchanan@gmail.com,My name is Eduardo Buchanan and I enjoy cooking.,2023-03-18 06:03:01,2023-03-18 06:03:01
Patricia Harris,password,Patricia.Harris@gmail.com,My name is Patricia Harris and I enjoy writing.,2023-03-18 06:03:01,2023-03-18 06:03:01
Abigail Wallace,password,Abigail.Wallace@gmail.com,My name is Abigail Wallace and I enjoy traveling.,2023-03-18 06:03:01,2023-03-18 06:03:01
Tyler Rodriguez,password,Tyler.Rodriguez@gmail.com,My name is Tyler Rodriguez and I enjoy listening to music.,2023-03-18 06:03:01,2023-03-18 06:03:01
Andrew Lucas,password,Andrew.Lucas@gmail.com,My name is Andrew Lucas and I enjoy traveling.,2023-03-18 06:03:01,2023-03-18 06:03:01
Dr. Kevin Collins,password,Dr..Kevin.Collins@gmail.com,My name is Dr. Kevin Collins and I enjoy playing sports.,2023-03-18 06:03:01,2023-03-18 06:03:01
Jose Hall,password,Jose.Hall@gmail.com,My name is Jose Hall and I enjoy writing.,2023-03-18 06:03:01,2023-03-18 06:03:01
Kenneth Hebert,password,Kenneth.Hebert@gmail.com,My name is Kenneth Hebert and I enjoy traveling.,2023-03-18 06:03:01,2023-03-18 06:03:01
Sierra Ortiz,password,Sierra.Ortiz@gmail.com,My name is Sierra Ortiz and I enjoy reading.,2023-03-18 06:03:01,2023-03-18 06:03:01
John Vincent,password,John.Vincent@gmail.com,My name is John Vincent and I enjoy writing.,2023-03-18 06:03:01,2023-03-18 06:03:01
Lori Gonzalez,password,Lori.Gonzalez@gmail.com,My name is Lori Gonzalez and I enjoy writing.,2023-03-18 06:03:01,2023-03-18 06:03:01
Brian Williamson,password,Brian.Williamson@gmail.com,My name is Brian Williamson and I enjoy playing sports.,2023-03-18 06:03:01,2023-03-18 06:03:01
Mr. Travis Zavala,password,Mr..Travis.Zavala@gmail.com,My name is Mr. Travis Zavala and I enjoy writing.,2023-03-18 06:03:01,2023-03-18 06:03:01
Mr. Timothy Richardson,password,Mr..Timothy.Richardson@gmail.com,My name is Mr. Timothy Richardson and I enjoy watching movies.,2023-03-18 06:03:01,2023-03-18 06:03:01
Jesus Thompson,password,Jesus.Thompson@gmail.com,My name is Jesus Thompson and I enjoy traveling.,2023-03-18 06:03:01,2023-03-18 06:03:01
Phillip Payne,password,Phillip.Payne@gmail.com,My name is Phillip Payne and I enjoy cooking.,2023-03-18 06:03:01,2023-03-18 06:03:01
Susan Collins,password,Susan.Collins@gmail.com,My name is Susan Collins and I enjoy reading.,2023-03-18 06:03:01,2023-03-18 06:03:01
Sherry Ross,password,Sherry.Ross@gmail.com,My name is Sherry Ross and I enjoy playing sports.,2023-03-18 06:03:01,2023-03-18 06:03:01
Brittney Torres,password,Brittney.Torres@gmail.com,My name is Brittney Torres and I enjoy reading.,2023-03-18 06:03:01,2023-03-18 06:03:01
Cristina Carter,password,Cristina.Carter@gmail.com,My name is Cristina Carter and I enjoy reading.,2023-03-18 06:03:01,2023-03-18 06:03:01
Brian Patel,password,Brian.Patel@gmail.com,My name is Brian Patel and I enjoy watching movies.,2023-03-18 06:03:01,2023-03-18 06:03:01
Danielle Smith,password,Danielle.Smith@gmail.com,My name is Danielle Smith and I enjoy cooking.,2023-03-18 06:03:01,2023-03-18 06:03:01
Cristian Davis,password,Cristian.Davis@gmail.com,My name is Cristian Davis and I enjoy listening to music.,2023-03-18 06:03:01,2023-03-18 06:03:01
Amanda Watson,password,Amanda.Watson@gmail.com,My name is Amanda Watson and I enjoy watching movies.,2023-03-18 06:03:01,2023-03-18 06:03:01
Autumn Allen,password,Autumn.Allen@gmail.com,My name is Autumn Allen and I enjoy playing sports.,2023-03-18 06:03:01,2023-03-18 06:03:01
Jason Moyer,password,Jason.Moyer@gmail.com,My name is Jason Moyer and I enjoy traveling.,2023-03-18 06:03:01,2023-03-18 06:03:01
Sherri Rose,password,Sherri.Rose@gmail.com,My name is Sherri Rose and I enjoy drawing.,2023-03-18 06:03:01,2023-03-18 06:03:01
Nicole Gibson,password,Nicole.Gibson@gmail.com,My name is Nicole Gibson and I enjoy playing sports.,2023-03-18 06:03:01,2023-03-18 06:03:01
Stephanie Simmons,password,Stephanie.Simmons@gmail.com,My name is Stephanie Simmons and I enjoy drawing.,2023-03-18 06:03:01,2023-03-18 06:03:01
Maria Jones,password,Maria.Jones@gmail.com,My name is Maria Jones and I enjoy traveling.,2023-03-18 06:03:01,2023-03-18 06:03:01
